	Date	Text	Favorite		
2	2020-12-31 22:30:55	(*ˊᵕˋ*)♪	1797		
5	2020-12-31 14:27:21	(〃´-`〃)	1919		
6	2020-12-31 14:25:23	⸜(* ॑꒳ ॑*  )⸝	2653		
6	2020-12-31 14:25:23	*.(*´͈ ˘ `͈…	2653		
7	2020-12-31 11:47:23	( *´꒳`* )	1931		
10	2020-12-30 21:59:21	(*ˊᵕˋ*)♪	595		
11	2020-12-30 21:58:11	(〃´-`〃)	1142		
12	2020-12-30 21:53:16	⸜(* ॑꒳ ॑*  )⸝	2621		
13	2020-12-29 23:09:23	«٩(*´ ꒳ `*)۶»	55		
17	2020-12-29 19:20:26	( *´꒳`* )	574		
18	2020-12-29 19:16:37	( ´͈ ᵕ `͈ )	1577		
20	2020-12-29 19:14:58	(⸝⸝•‧̫•⸝⸝)	2142		
21	2020-12-29 14:59:27	(꒪˙꒳˙꒪ )	1210		
22	2020-12-28 23:29:39	(  •̥ ˍ •̥  )	1414		
23	2020-12-28 22:06:54	⸜(* ॑꒳ ॑*  )⸝⋆*	690		
24	2020-12-28 19:45:07	⸜(* ॑꒳ ॑*  )⸝⋆*	552		
25	2020-12-28 17:26:47	( *´꒳`* )	1531		
26	2020-12-28 01:27:59	(〃´-`〃)	1021		
27	2020-12-27 14:15:21	⸜(*ˊᵕˋ* )⸝	3306		
33	2020-12-27 02:02:14	(꒪˙꒳˙꒪ )	2164		
41	2020-12-26 18:10:47	(*ˊᵕˋ*)♪	3670		
42	2020-12-26 15:26:14	(꒪˙꒳˙꒪ )	1912		
43	2020-12-26 10:00:22	⸜(* ॑꒳ ॑*  )⸝	1918		
45	2020-12-25 23:26:58	( *´꒳`* )	906		
46	2020-12-25 23:24:55	*.(*´͈ ˘ `͈*).*	4949		
47	2020-12-25 22:24:06	(*ˊᵕˋ*)♪	934		
47	2020-12-25 22:24:06	⸜(* ॑꒳ ॑*  )⸝⋆*	934		
48	2020-12-25 14:51:06	«٩(*´ ꒳ `*)۶»	2056		
48	2020-12-25 14:51:06	(๑⃙⃘ˊ꒳​ˋ๑⃙)	2056		
52	2020-12-24 23:01:24	*.(*´͈ ˘ `͈*).*	1451		
53	2020-12-24 22:30:20	( *´꒳`* )	1607		
53	2020-12-24 22:30:20	(〃´-`〃)	1607		
56	2020-12-24 17:21:41	₍ᐢ• ‧̫ •̥ᐢ₎	1025		
57	2020-12-23 17:12:43	(*ˊᵕˋ*)♪	1281		
57	2020-12-23 17:12:43	⸜(* ॑꒳ ॑*  )⸝⋆*	1281		
58	2020-12-22 21:28:05	( *˙˙*)	1800		
58	2020-12-22 21:28:05	(*ˊᵕˋ*)♪	1800		
60	2020-12-22 13:38:37	(๑⃙⃘ˊ꒳​ˋ๑⃙)	778		
61	2020-12-21 23:03:10	( *´꒳`* )	712		
63	2020-12-21 07:03:40	( *˙˙*)	3582		
64	2020-12-21 04:32:58	:,((•﹏•๑))),:	2341		
64	2020-12-21 04:32:58	(*ｐω-)｡O゜	2341		
69	2020-12-19 23:03:46	( *´꒳`* )	3087		
70	2020-12-19 22:53:35	(⸝⸝o̴̶̷᷄  o̴̶̷̥᷅⸝⸝)	2833		
72	2020-12-19 22:43:08	(◉◞౪◟◉`)	1403		
78	2020-12-19 22:14:33	(๑⃙⃘ˊ꒳​ˋ๑⃙)	384		
80	2020-12-18 22:34:51	(*ˊᵕˋ*)♪	142		
81	2020-12-18 22:13:13	⸜(๑⃙⃘'ᗜ'…	694		
82	2020-12-18 15:50:25	( *´꒳`* )	4253		
83	2020-12-18 15:33:12	(๑⃙⃘ˊ꒳​ˋ๑⃙)	1218		
84	2020-12-17 21:57:53	*.(*´͈ ˘ `͈*).*	1922		
88	2020-12-16 20:01:11	(〃´-`〃)	727		
91	2020-12-16 19:38:46	( *´꒳`* )	1537		
92	2020-12-16 19:37:54	(￣▽￣)	1663		
93	2020-12-16 17:53:47	⸜(*ˊᵕˋ* )⸝	261		
94	2020-12-15 23:03:58	(꒪˙꒳˙꒪ )	825		
95	2020-12-15 22:18:25	(*ˊᵕˋ*)♪	1704		
96	2020-12-15 19:46:34	⸜(* ॑꒳ ॑*  )⸝	804		
98	2020-12-14 23:38:20	(*ˊᵕˋ*)♪	790		
98	2020-12-14 23:38:20	⸜(๑⃙⃘'ᗜ'๑⃙⃘)⸝	790		
99	2020-12-14 22:43:59	( *´꒳`* )	687		
100	2020-12-14 22:42:47	(  ㆀ)	779		
100	2020-12-14 22:42:47	( ˙⌓˙ )	779		
102	2020-12-14 19:04:36	⸜(*…	609		
103	2020-12-14 10:19:12	( ˙꒳​˙  )	1147		
104	2020-12-13 22:08:30	⸜(* ॑꒳ ॑*  )⸝	1462		
105	2020-12-13 18:52:17	(〃´-`〃)	763		
106	2020-12-13 18:21:21	⸜(* ॑꒳…	596		
107	2020-12-13 17:03:43	(*ˊᵕˋ*)♪	707		
108	2020-12-13 16:37:56	(๑⃙⃘ˊ꒳​ˋ๑⃙)	6709		
110	2020-12-13 14:49:18	⸜(* ॑꒳ ॑*  )⸝	1657		
111	2020-12-13 12:49:15	⸜(*ˊᵕˋ* )⸝	1651		
116	2020-12-13 10:49:51	( *´꒳`* )	3455		
118	2020-12-12 21:44:57	( *´꒳`* )	599		
120	2020-12-12 20:12:54	(*ˊᵕˋ*)♪	559		
122	2020-12-12 20:04:34	(〃´-`〃)	2032		
122	2020-12-12 20:04:34	⸜(* ॑꒳ ॑*  )⸝	2032		
123	2020-12-12 18:19:16	⸜(* ॑꒳ ॑*  )⸝	635		
125	2020-12-12 10:36:59	( *´꒳`* )	67		
126	2020-12-11 21:28:45	(*´―｀*)	952		
127	2020-12-11 21:26:08	⸜(๑⃙⃘'ᗜ'๑⃙⃘)⸝	646		
128	2020-12-11 21:24:25	(〃´-`〃)	587		
128	2020-12-11 21:24:25	⸜(*ˊᵕˋ* )⸝	587		
130	2020-12-11 18:32:44	⸜(* ॑꒳ ॑*  )⸝	620		
131	2020-12-11 14:40:32	⸜(*ˊᵕˋ* )⸝	728		
134	2020-12-11 14:32:46	( *´꒳`* )	718		
135	2020-12-11 14:27:54	(〃´-`〃)	954		
136	2020-12-11 00:36:45	⸜(*ˊᵕˋ* )⸝	1267		
137	2020-12-11 00:31:54	(*´―｀*)	586		
138	2020-12-10 23:52:24	⸜(๑⃙⃘'ᗜ'๑⃙⃘)⸝	983		
139	2020-12-09 23:32:39	⸜(*ˊᵕˋ* )⸝	689		
142	2020-12-09 18:45:55	(* '-' )	617		
142	2020-12-09 18:45:55	⸜(*ˊᵕˋ*…	617		
143	2020-12-09 15:41:47	( *´꒳`* )	1902		
144	2020-12-08 23:03:07	( *´꒳`* )	1135		
144	2020-12-08 23:03:07	"( *´꒳`*)*"""	1135		
146	2020-12-08 19:28:06	(꒪˙꒳˙꒪ )	651		
150	2020-12-07 17:19:54	(  •̥ ˍ •̥  )	306		
150	2020-12-07 17:19:54	Σ( ˙꒳​˙  )!?	306		
152	2020-12-07 17:09:30	(꒪˙꒳˙꒪ )	2488		
156	2020-12-06 16:22:53	(๑⃙⃘ˊ꒳​ˋ๑⃙)	797		
157	2020-12-06 15:44:25	⸜(*ˊᵕˋ* )⸝	1237		
158	2020-12-06 15:40:01	⸜((⑉&gt; &lt;)⸝	2060		
159	2020-12-06 15:17:09	⸜(๑⃙⃘'ᗜ'๑⃙⃘)⸝	720		
161	2020-12-06 14:26:07	( *´꒳`* )	492		
165	2020-12-06 13:32:40	"( *´꒳`*)*"""	632		
167	2020-12-06 13:18:15	(*♥д♥*)	490		
169	2020-12-06 00:00:53	(* '-' )	628		
171	2020-12-05 23:39:28	(  •̥ ˍ •̥  )	531		
173	2020-12-05 23:05:58	⸜(* ॑꒳ ॑*  )⸝	786		
174	2020-12-05 23:05:37	⸜(๑⃙⃘'ᗜ'๑⃙⃘)⸝	491		
175	2020-12-05 23:03:18	( *´꒳`* )	3579		
175	2020-12-05 23:03:18	ヾ(･ω･`*)	3579		
183	2020-12-05 22:19:10	(￣▽￣)	1438		
185	2020-12-05 16:23:19	⋆* ⁑⋆* (๑•﹏•)⋆* ⁑⋆*	1602		
187	2020-12-05 11:52:28	(〃´-`〃)	1464		
191	2020-12-04 21:26:55	( *´꒳`* )	846		
192	2020-12-04 18:04:18	⸜(๑⃙⃘'ᗜ'๑⃙⃘)⸝	805		
194	2020-12-04 14:34:30	⸜(*ˊᵕˋ* )⸝	946		
195	2020-12-03 22:34:28	( *´꒳`* )	2328		
196	2020-12-03 15:24:14	⸜(* ॑꒳ ॑*  )⸝	779		
198	2020-12-03 13:30:07	⸜(* ॑꒳ ॑*  )⸝	919		
201	2020-12-02 15:50:27	(〃´-`〃)	885		
203	2020-12-01 17:43:21	(  •̥ ˍ •̥  )	2787		
204	2020-12-01 17:30:41	( ˇωˇ )	264		
206	2020-11-30 22:38:15	( *´꒳`* )	1235		
207	2020-11-30 22:23:12	(〃´-`〃)	10322		
209	2020-11-30 22:19:41	⸜(* ॑꒳ ॑*  )⸝	1379		
213	2020-11-29 22:42:13	⸜(* ॑꒳ ॑*  )⸝⋆*	2671		
215	2020-11-29 19:28:59	(๑⃙⃘ˊ꒳​ˋ๑⃙)	1182		
216	2020-11-29 12:36:32	(๑´ڡ`๑)	1262		
222	2020-11-28 20:38:14	( *´꒳`* )	1997		
224	2020-11-27 20:50:42	⸜(*ˊᵕˋ* )⸝	1075		
225	2020-11-27 15:13:32	⸜(๑⃙⃘'ᗜ'๑⃙⃘)⸝	1016		
226	2020-11-26 22:54:08	⸜(*ˊᵕˋ* )⸝	2911		
227	2020-11-26 22:08:21	(   ¯꒳¯ )	711		
229	2020-11-26 21:59:37	(* '-' )…	696		
230	2020-11-26 08:16:31	( ˙▿︎˙ )b	2222		
230	2020-11-26 08:16:31	⸜(* ॑꒳ ॑*  )⸝⋆*	2222		
231	2020-11-25 22:39:30	( *´꒳`* )	1118		
234	2020-11-24 22:36:00	( *˙˙*)	1378		
235	2020-11-24 22:20:14	(*´―｀*)	1204		
236	2020-11-24 18:01:04	⸜(* ॑꒳ ॑*  )⸝⋆*	924		
237	2020-11-24 16:16:41	"( *´꒳`*)*"""	560		
238	2020-11-24 16:09:24	( *´꒳`* )	826		
239	2020-11-24 04:15:24	(  ˊ꒳ˋ ) ᐝ	2385		
240	2020-11-24 01:01:04	(๑⃙⃘ˊ꒳​ˋ๑⃙)	391		
243	2020-11-24 00:19:53	(*ˊᵕˋ*)♪	6571		
243	2020-11-24 00:19:53	⸜(๑⃙⃘'ᗜ'๑⃙⃘)⸝	6571		
244	2020-11-23 23:11:24	( •̀∀•́ )✧	1040		
245	2020-11-23 22:24:31	⸜(* ॑꒳ ॑*  )⸝⋆*	1799		
248	2020-11-23 20:31:39	"( *´꒳`*)*"""	429		
250	2020-11-23 20:18:33	( *´꒳`* )	585		
253	2020-11-23 19:09:44	(*´―｀…	586		
255	2020-11-23 18:04:28	(๑⃙⃘ˊ꒳​ˋ๑⃙)	1710		
257	2020-11-23 00:32:33	(*´―｀*)	2495		
258	2020-11-23 00:21:33	( *˙˙*)	1668		
258	2020-11-23 00:21:33	(*ˊᵕˋ*)♪	1668		
262	2020-11-22 18:15:22	"( *´꒳`*)*"""	963		
263	2020-11-22 00:02:33	٩(๑òωó๑)۶	5933		
264	2020-11-22 00:01:55	⸜(* ॑꒳ ॑*  )⸝⋆*	671		
266	2020-11-21 23:52:15	(* '-' )	578		
269	2020-11-21 23:04:49	"( *´꒳`*)*"""	550		
270	2020-11-21 23:02:44	(；；)	4572		
270	2020-11-21 23:02:44	(๑⃙⃘ˊ꒳​ˋ๑⃙)	4572		
271	2020-11-21 23:00:17	(*¯꒳¯*)	1361		
272	2020-11-21 22:55:49	(〃´-`〃)	1667		
275	2020-11-21 22:52:26	(  •̥ ˍ •̥  )	3325		
276	2020-11-21 22:42:44	(・ー・)	2154		
278	2020-11-21 22:25:31	(⁎˃ᴗ˂⁎)	1628		
280	2020-11-21 16:42:44	"( *´꒳`*)*"""	2307		
281	2020-11-21 14:34:37	(* '-' )	1448		
281	2020-11-21 14:34:37	⸜(๑⃙⃘'ᗜ'๑⃙⃘)⸝	1448		
282	2020-11-21 11:16:57	(*ˊᵕˋ*)♪	698		
284	2020-11-20 22:05:25	(⁎˃ᴗ˂⁎)	593		
284	2020-11-20 22:05:25	(〃´-`〃)	593		
285	2020-11-20 22:04:16	( *´꒳`* )	1207		
287	2020-11-20 21:51:54	⸜(*ˊᵕˋ* )⸝	1112		
290	2020-11-20 21:48:15	(๑⃙⃘ˊ꒳​ˋ๑⃙)	2282		
290	2020-11-20 21:48:15	⸜(๑⃙⃘'ᗜ'๑⃙⃘)⸝	2282		
294	2020-11-20 01:47:24	( *˙˙*)	3616		
296	2020-11-19 22:40:28	( *´꒳`* )	1308		
299	2020-11-19 20:09:59	(๑⃙⃘ˊ꒳​ˋ๑⃙)	1728		
300	2020-11-19 20:06:18	⸜(*ˊᵕˋ* )⸝	1613		
301	2020-11-18 20:33:29	(〃´-`〃)	1118		
302	2020-11-18 18:41:45	"( *´꒳`*)*"""	645		
302	2020-11-18 18:41:45	(*ˊᵕˋ*)♪	645		
304	2020-11-18 14:55:09	( *˙˙*)	772		
305	2020-11-18 14:35:51	(⁎˃ᴗ˂⁎)	2442		
305	2020-11-18 14:35:51	（♡А♡）	2442		
305	2020-11-18 14:35:51	⸜(๑⃙⃘'ᗜ'๑⃙⃘)⸝	2442		
306	2020-11-18 00:33:45	(*´―｀*)	2113		
308	2020-11-17 18:03:23	(〃´-`〃)	978		
309	2020-11-17 17:22:38	"( *´꒳`*)*"""	893		
309	2020-11-17 17:22:38	(￣▽￣)✧	893		
310	2020-11-16 22:47:45	( * ॑˘ ॑*  ) ⁾⁾	2153		
310	2020-11-16 22:47:45	(〃´-`〃)	2153		
311	2020-11-16 22:35:05	⸜(*ˊᵕˋ* )⸝	2689		
312	2020-11-16 18:50:02	( ˶ˆ꒳ˆ˵ )	720		
313	2020-11-16 15:20:00	⸜(๑⃙⃘'ᗜ'๑⃙⃘)⸝	2017		
315	2020-11-16 00:10:56	(๑⃙⃘ˊ꒳​ˋ๑⃙)	1768		
316	2020-11-15 23:42:14	( ･᷄ὢ･᷅…	743		
318	2020-11-15 11:56:03	(〃´-`〃)	647		
319	2020-11-15 11:55:24	⸜(*ˊᵕˋ* )⸝	555		
321	2020-11-15 11:16:52	⸜(* ॑꒳ ॑*  )⸝⋆*	2405		
323	2020-11-15 09:06:01	⸜(*ˊᵕˋ* )⸝	1957		
324	2020-11-14 23:17:27	"( *´꒳`*)੭"""	1078		
325	2020-11-14 23:16:19	(๑⃙⃘ˊ꒳​ˋ๑⃙)	993		
326	2020-11-14 22:31:37	( *´꒳…	1383		
327	2020-11-14 22:14:48	⸜(*ˊᵕˋ* )⸝	2108		
330	2020-11-14 08:36:55	( * ॑˘ ॑*  ) ⁾⁾	2015		
331	2020-11-13 23:01:39	(〃´-`〃)	1077		
332	2020-11-13 21:26:08	(๑⃙⃘ˊ꒳​ˋ๑⃙)	2174		
332	2020-11-13 21:26:08	⸜(*ˊᵕˋ* )⸝	2174		
333	2020-11-13 19:14:37	(*⃙⃘´꒳`*⃙⃘)	621		
334	2020-11-13 14:45:49	⸜(๑⃙⃘'ᗜ'๑⃙⃘)⸝	1634		
335	2020-11-13 00:25:56	(*˘︶˘*)	1785		
338	2020-11-11 21:02:29	⸜(*ˊᵕˋ* )⸝	736		
342	2020-11-10 22:33:46	⸜(๑⃙⃘'ᗜ'๑⃙⃘)⸝	614		
344	2020-11-10 13:58:06	⸜(* ॑꒳ ॑*  )⸝	1475		
345	2020-11-09 22:52:52	( *´꒳`* )	1489		
345	2020-11-09 22:52:52	( ´•̥  ̫ •̥` )	1489		
346	2020-11-09 22:33:50	( *˙˙*)	1190		
347	2020-11-09 22:28:42	⸜(*ˊᵕˋ* )⸝	1985		
350	2020-11-09 17:07:24	(〃´-`〃)	964		
351	2020-11-09 15:13:40	(￣▽￣)✧	2532		
353	2020-11-09 01:14:23	( *˙˙*)	784		
354	2020-11-08 19:11:04	( *˙˙*)	715		
355	2020-11-08 19:07:49	(p`･ω･´q)	1545		
356	2020-11-08 18:57:19	(*⃙⃘´꒳`*⃙⃘)	765		
362	2020-11-08 16:45:58	(ಡωಡ)	833		
364	2020-11-08 16:41:59	(๑⃙⃘ˊ꒳​ˋ๑⃙)	2753		
372	2020-11-08 14:40:28	( * ॑˘ ॑*  ) ⁾⁾	2327		
373	2020-11-08 13:56:59	⸜(* ॑꒳ ॑*  )⸝	1963		
374	2020-11-08 00:10:51	(*˘︶˘*)	1910		
376	2020-11-07 23:18:33	(๓´͈꒳`͈๓) ˉ̶̡̭̭♡	1430		
377	2020-11-07 23:16:44	⸜(๑⃙⃘'ᗜ'๑⃙⃘)⸝	1871		
378	2020-11-07 23:13:15	( *˙˙*)	3471		
378	2020-11-07 23:13:15	(；；)	3471		
382	2020-11-07 22:49:47	( ´•̥  ̫ •̥` )	2462		
383	2020-11-07 22:44:17	(；ω；)	2028		
389	2020-11-07 21:49:18	(* 'ᵕ' )	5205		
389	2020-11-07 21:49:18	(◍˃ ᵕ ˂◍)	5205		
393	2020-11-06 20:53:22	( *˙˙*)	1882		
394	2020-11-06 17:43:20	(*ˊᵕˋ*)♪	692		
395	2020-11-06 10:33:26	(*´`)♡	68		
395	2020-11-06 10:33:26	(๑⃙⃘ˊ꒳​ˋ๑⃙)	68		
397	2020-11-05 22:22:15	(* 'ᵕ' )	1030		
397	2020-11-05 22:22:15	(*´︶`*)❤	1030		
400	2020-11-04 17:18:34	(  '֊' )	1594		
400	2020-11-04 17:18:34	( *˙˙*)	1594		
401	2020-11-04 12:42:04	(*´︶`*)❤︎	3034		
401	2020-11-04 12:42:04	(ˊo̴̶̷̤⌄o̴̶̷̤ˋ)	3034		
405	2020-11-03 23:05:32	(  •̥ ˍ •̥  )	1866		
406	2020-11-02 23:52:19	( * ॑˘ ॑*  ) ⁾⁾	841		
407	2020-11-02 22:33:59	(*´`)♡	4310		
407	2020-11-02 22:33:59	(〃´-`〃)	4310		
408	2020-11-02 22:30:43	⸜(* ॑꒳ ॑*  )⸝	838		
409	2020-11-02 19:57:29	⸜(๑⃙⃘'ᗜ'๑⃙⃘)⸝	744		
410	2020-11-02 17:12:07	(๑⃙⃘ˊ꒳​ˋ๑⃙)	793		
411	2020-11-02 00:11:14	( * ॑˘ ॑*  ) ⁾⁾	782		
411	2020-11-02 00:11:14	⸜(๑⃙⃘'ᗜ'๑⃙⃘)⸝	782		
412	2020-11-02 00:09:25	(*⃙⃘´꒳…	1104		
413	2020-11-01 21:39:34	(*ˊᵕˋ*)♪	1143		
414	2020-10-31 22:56:42	( *˙˙*)	3577		
414	2020-10-31 22:56:42	(；；)	3577		
415	2020-10-31 22:44:50	(  •̥ ˍ •̥  )	2184		
416	2020-10-31 22:32:10	(⁎⁍̴̀﹃ ⁍̴́⁎)	2105		
418	2020-10-31 22:05:46	(  - ̀ω -́  )✧	2958		
420	2020-10-31 07:12:12	( ¨̮  )	1998		
421	2020-10-30 19:35:11	(*⃙⃘´꒳`*⃙⃘)	2043		
421	2020-10-30 19:35:11	(◍˃ ᵕ ˂◍)	2043		
422	2020-10-29 19:16:38	(*ˊᵕˋ*)♪	1094		
422	2020-10-29 19:16:38	(◍˃ ᵕ ˂◍)	1094		
423	2020-10-28 23:11:31	( ´-` ).｡oO	897		
425	2020-10-28 22:36:24	(*⃙⃘´꒳`*⃙⃘)	853		
425	2020-10-28 22:36:24	⸜(๑⃙⃘'ᗜ'๑⃙⃘)⸝	853		
426	2020-10-28 08:48:23	(*ﾟｰﾟ)	1921		
428	2020-10-28 00:04:18	⸜(*ˊᵕˋ* )⸝	1135		
429	2020-10-28 00:03:07	(*´`)♡	1738		
431	2020-10-28 00:01:02	(◍˃ ᵕ ˂◍)	2113		
434	2020-10-27 23:47:17	( *´꒳`* )	1988		
435	2020-10-27 22:17:48	⸜(๑⃙⃘'ᗜ'๑⃙⃘)⸝	1336		
437	2020-10-27 22:12:34	(*´︶`*)❤︎	1200		
438	2020-10-27 19:53:38	(*⃙⃘´꒳`*⃙⃘)	867		
439	2020-10-27 17:44:15	(๑⃙⃘ˊ꒳​ˋ๑⃙)	831		
440	2020-10-26 22:44:33	( *˙˙*)	1137		
440	2020-10-26 22:44:33	⸜(* ॑꒳ ॑*  )⸝	1137		
441	2020-10-26 21:18:18	( * ॑˘ ॑*  ) ⁾⁾	910		
441	2020-10-26 21:18:18	( *´꒳`* )	910		
442	2020-10-26 21:15:18	(*´`)♡	1750		
443	2020-10-26 21:13:33	(๑⃙⃘ˊ꒳​ˋ๑⃙)	2294		
444	2020-10-26 14:34:35	(〃´-`〃)	2788		
444	2020-10-26 14:34:35	⸜(*ˊᵕˋ* )⸝	2788		
445	2020-10-25 23:05:44	( ˇ ꒳ ˇ )	1985		
447	2020-10-25 23:02:42	⸜(* ॑꒳ ॑*  )⸝	900		
448	2020-10-24 23:07:37	(  •̥ ˍ •̥  )	4247		
448	2020-10-24 23:07:37	(*´`)♡	4247		
450	2020-10-24 22:22:35	(๑⃙⃘ˊ꒳​ˋ๑⃙)	2010		
451	2020-10-24 18:23:13	⸜(* ॑꒳ ॑*  )⸝⋆*	620		
452	2020-10-24 00:25:49	( *´꒳`* )	2078		
452	2020-10-24 00:25:49	(๑⃙⃘ˊ꒳​ˋ๑⃙)	2078		
453	2020-10-23 23:36:34	⸜(๑⃙⃘'ᗜ'๑⃙⃘)⸝	840		
454	2020-10-22 12:29:45	(*´―｀*)	1089		
454	2020-10-22 12:29:45	(⚭⚭)	1089		
456	2020-10-21 22:51:09	⸜(๑⃙⃘'ᗜ'๑⃙⃘)⸝	1542		
457	2020-10-21 21:48:48	( * ॑˘ ॑*  ) ⁾⁾	579		
457	2020-10-21 21:48:48	(*ˊᵕˋ*)♪	579		
460	2020-10-21 19:41:02	(* '-' )	601		
462	2020-10-21 15:40:24	(〃♥ω…	2783		
462	2020-10-21 15:40:24	❀(*´▽`*)❀	2783		
463	2020-10-20 22:45:09	(๑⃙⃘ˊ꒳​ˋ๑⃙)	660		
464	2020-10-20 22:40:51	(*ˊᵕˋ*)♪	2870		
465	2020-10-20 19:54:16	(◍˃ ᵕ ˂◍)	1023		
465	2020-10-20 19:54:16	⸜(*ˊᵕˋ* )⸝	1023		
466	2020-10-20 18:43:55	⸜(๑⃙⃘'ᗜ'๑⃙⃘)⸝	997		
466	2020-10-20 18:43:55	૮₍´｡• ᵕ •｡`₎ა	997		
467	2020-10-20 08:39:03	(* '-' )	2366		
468	2020-10-19 20:32:50	(*´`)♡	661		
468	2020-10-19 20:32:50	(๑⃙⃘ˊ꒳​ˋ๑⃙)	661		
469	2020-10-19 20:30:02	(*ˊᵕˋ*)♪	728		
470	2020-10-19 18:33:56	⸜(*ˊᵕˋ* )⸝	889		
471	2020-10-19 18:24:27	( *´꒳`* )	1118		
472	2020-10-18 18:36:23	( *˙˙*)	3818		
472	2020-10-18 18:36:23	(*´︶`*)❤︎	3818		
474	2020-10-18 15:30:48	⸜(* ॑꒳ ॑*  )⸝⋆*	1853		
475	2020-10-18 00:06:09	(*ˊᵕˋ*)♪	4043		
478	2020-10-17 23:12:20	(〃♥ω♥〃)	1942		
479	2020-10-17 23:10:01	⸜(* ॑꒳ ॑*  )⸝⋆*	2370		
481	2020-10-17 22:21:35	(*´︶`*)❤︎	3404		
482	2020-10-17 20:56:02	( *´꒳`* )	2021		
483	2020-10-17 18:44:39	( *´꒳`* )	1652		
484	2020-10-17 18:15:03	(◍˃ ᵕ ˂◍)	523		
484	2020-10-17 18:15:03	(๑⃙⃘ˊ꒳​ˋ๑⃙)	523		
485	2020-10-16 21:56:30	(*´`)♡	1321		
486	2020-10-16 21:26:04	(；_；)	6346		
487	2020-10-16 16:43:30	( *´꒳`* )	2612		
487	2020-10-16 16:43:30	(*ˊᵕˋ*)♪	2612		
488	2020-10-16 09:45:01	( * ॑˘ ॑*  ) ⁾⁾	2076		
491	2020-10-15 19:32:04	⸜(*ˊᵕˋ* )⸝	2494		
492	2020-10-14 23:12:29	(*´︶`*)❤︎	162		
493	2020-10-14 23:10:02	(๑˙―˙๑)	2494		
494	2020-10-14 22:43:03	(◍˃ ᵕ ˂◍)	2513		
495	2020-10-14 22:36:40	(*ˊᵕˋ*)♪	836		
496	2020-10-14 22:29:04	⸜(*ˊᵕˋ* )⸝	773		
497	2020-10-14 18:23:10	(´•ωก)°゜ﾟ	2412		
498	2020-10-14 18:14:42	( ⸝•ᴗ•⸝)♡	2366		
499	2020-10-14 17:52:51	(*´―｀*)	3123		
499	2020-10-14 17:52:51	(๑⃙⃘ˊ꒳​ˋ๑⃙)	3123		
500	2020-10-14 14:10:00	⸜(*ˊᵕˋ* )⸝	2505		
500	2020-10-14 14:10:00	❀(*´▽`*)❀	2505		
501	2020-10-14 09:04:09	(*ˊᵕˋ*)♪	2352		
502	2020-10-13 21:56:59	(っ﹏-) .｡	2636		
503	2020-10-13 21:51:08	( ´͈ ᵕ `͈ )	2147		
505	2020-10-12 22:16:37	(ᐡ⸝⸝-  ̫ -⸝⸝ᐡ)	5266		
506	2020-10-12 16:59:49	⸜(*ˊᗜˋ*)⸝	1641		
510	2020-10-11 17:45:48	( ´͈ ᵕ `͈ )	3296		
511	2020-10-11 17:40:59	( ´•̥  ̫ •̥` )	4114		
514	2020-10-11 16:58:06	(◍˃ ᵕ ˂◍)	4263		
515	2020-10-11 01:05:04	(ヾﾉ･∀･`)	3619		
518	2020-10-10 23:41:52	(*´ ˘ `*)♡	5657		
519	2020-10-10 23:37:47	(*´︶`*)❤︎	2596		
521	2020-10-10 23:37:05	(◍˃ ᵕ ˂◍)	3709		
523	2020-10-10 23:35:50	⸜(*ˊᵕˋ* )⸝	2197		
528	2020-10-10 22:27:10	(〃♥ω♥〃)	3035		
529	2020-10-09 21:33:00	(๑⃙⃘ˊ꒳​ˋ๑⃙)	3692		
530	2020-10-08 19:16:11	( ´ω｀)	2753		
530	2020-10-08 19:16:11	(((﹡•﹏•﹡)))	2753		
531	2020-10-08 09:12:45	| ू'-')	2435		
533	2020-10-07 00:07:25	(×﹏×)	2391		
533	2020-10-07 00:07:25	⸜(๑⃙⃘'ᗜ'๑⃙⃘)⸝	2391		
536	2020-10-06 14:51:03	( * ॑˘ ॑*  ) ⁾⁾	883		
537	2020-10-06 14:46:59	(〃♥ω♥〃)	1945		
538	2020-10-05 20:57:40	(◍˃ ᵕ ˂◍)	16		
541	2020-10-04 21:10:36	(๑⃙⃘ˊ꒳​ˋ๑⃙)	2270		
544	2020-10-04 10:10:18	⸜(*ˊᵕˋ* )⸝	1169		
546	2020-10-04 00:19:20	(*´︶`*)❤︎	3559		
547	2020-10-03 22:58:46	(  •̥ ˍ •̥  )	7976		
547	2020-10-03 22:58:46	( ⸝•ᴗ•⸝)♡	7976		
548	2020-10-03 22:36:54	(๑ ᵒ̴̶̷̥́ ^ ᵒ̴̶̷̣̥̀ ๑)	3225		
553	2020-10-03 22:09:16	❀(*´▽`*…	1527		
554	2020-10-03 19:02:57	(◍˃ ᵕ ˂◍)	995		
554	2020-10-03 19:02:57	|･ω･*)	995		
555	2020-10-03 17:34:57	( ⸝•ᴗ•⸝)♡	917		
556	2020-10-03 16:53:05	(*´︶`*)❤︎	1135		
557	2020-10-02 19:12:50	♡(´｡•ㅅ•｡`)	3428		
561	2020-10-02 18:55:19	(*´︶`*)❤︎	2308		
561	2020-10-02 18:55:19	⸜(*ˊᵕˋ* )⸝	2308		
562	2020-10-02 00:07:15	⸜(๑⃙⃘'ᗜ'๑⃙⃘)⸝	95		
563	2020-10-01 18:44:21	( * ॑˘ ॑*  ) 	268		
564	2020-10-01 18:26:12	( ✧Д✧) !!	5561		
566	2020-10-01 18:21:57	( ⸝•ᴗ•⸝)♡	228		
567	2020-10-01 17:36:50	m(_ _)m	925		
568	2020-10-01 17:33:16	⸜(*ˊᵕˋ* )⸝	1179		
569	2020-10-01 17:32:46	❀(*´▽`*)❀	1012		
571	2020-10-01 14:00:13	(◍˃ ᵕ ˂◍)	1495		
572	2020-10-01 13:59:00	(〃♥ω♥〃)	485		
573	2020-10-01 13:06:55	(*´︶`*)❤︎	9000		
573	2020-10-01 13:06:55	(▼ω▼)	9000		
578	2020-09-30 19:47:39	(*´ ˘ `*)♡	9514		
580	2020-09-30 15:31:25	( *´꒳`* )	3401		
580	2020-09-30 15:31:25	(*´`)♡	3401		
581	2020-09-30 15:08:16	( ´  • ·̫ •  ` )	4094		
583	2020-09-28 18:23:44	(◜ᴗ◝ )	3135		
584	2020-09-28 12:46:47	( ⸝•ᴗ•⸝)	2003		
585	2020-09-27 23:41:18	(〃´-`〃)	4150		
586	2020-09-27 23:34:49	(๑⃙⃘ˊ꒳​ˋ๑⃙)	5168		
589	2020-09-27 18:45:20	( *´꒳`* )	1179		
590	2020-09-27 18:43:40	(* 'ᵕ' )	2555		
590	2020-09-27 18:43:40	⸜(๑⃙⃘'ᗜ'๑⃙⃘)⸝	2555		
591	2020-09-26 23:29:16	⸜(* ॑꒳ ॑*  )⸝⋆*	3024		
592	2020-09-26 14:53:36	(*´`)♡	3631		
592	2020-09-26 14:53:36	⸜(*ˊᵕˋ* )⸝	3631		
593	2020-09-26 14:51:02	(◍˃ ᵕ ˂◍)	2834		
595	2020-09-25 17:22:02	( * ॑˘ ॑*  ) ⁾⁾	2133		
596	2020-09-24 08:00:29	( *˙˙*)	2210		
597	2020-09-23 19:49:01	( *´꒳`* )	1304		
597	2020-09-23 19:49:01	(*⃙⃘´꒳`*⃙⃘)	1304		
599	2020-09-22 22:58:36	(◍˃ ᵕ ˂◍)	2427		
600	2020-09-22 13:16:53	(〃´-`〃)	3811		
601	2020-09-22 10:47:48	(๑⃙⃘ˊ꒳​ˋ๑⃙)	1499		
602	2020-09-21 23:17:34	⸜(๑⃙⃘'ᗜ'๑⃙⃘)⸝	12646		
603	2020-09-21 19:53:10	(◍˃ ᵕ ˂◍)	2324		
604	2020-09-20 23:27:53	(*´ ˘ `*)♡	2155		
606	2020-09-19 23:58:33	(◍˃ ᵕ ˂◍)	3317		
606	2020-09-19 23:58:33	⸜(*ˊᵕˋ* )⸝	3317		
607	2020-09-19 20:07:05	( *´꒳`* )	1714		
612	2020-09-18 23:44:30	(*´`)♡	7208		
612	2020-09-18 23:44:30	(๑⃙⃘ˊ꒳​ˋ๑⃙)	7208		
613	2020-09-18 23:25:23	(*´`)♡	2000		
613	2020-09-18 23:25:23	✩°｡⋆⸜(* ॑꒳ ॑*  )⸝	2000		
614	2020-09-18 23:19:18	(⑉•̆ ·̭ •⑉)	4496		
616	2020-09-18 23:12:16	(*⃙⃘´꒳`*⃙⃘)	2370		
619	2020-09-18 22:23:09	(｡_｡*)	2331		
620	2020-09-18 22:17:05	٩(๑òωó๑)۶	4716		
621	2020-09-18 22:08:34	ପ(⑅ˊᵕˋ⑅)ଓ	805		
622	2020-09-18 22:07:20	⸜(*ˊᵕˋ* )⸝	2086		
623	2020-09-18 21:34:08	(´*−∀−)	1896		
623	2020-09-18 21:34:08	⸜(๑⃙⃘'ᗜ'๑⃙⃘)⸝	1896		
625	2020-09-17 21:35:31	( *˙˙*)	957		
625	2020-09-17 21:35:31	(*⃙⃘´꒳`*⃙⃘)	957		
627	2020-09-16 23:20:33	(*´∇｀*)	802		
628	2020-09-15 22:35:00	(*´︶`*)❤︎	2834		
630	2020-09-15 22:33:35	⸜(๑⃙⃘'ᗜ'๑⃙⃘)⸝	1214		
634	2020-09-14 23:34:04	⸜(๑⃙⃘'ᗜ'๑⃙⃘)⸝	1967		
635	2020-09-13 22:09:23	(*･∀･*)?	17158		
635	2020-09-13 22:09:23	(*⃙⃘´꒳`*⃙⃘)	17158		
636	2020-09-13 14:37:57	(*´∇｀*)	4742		
637	2020-09-13 00:17:10	(((o(♡´▽`♡)o)))	2608		
638	2020-09-13 00:16:20	(*⃙⃘´꒳`*⃙⃘)	3906		
638	2020-09-13 00:16:20	(*ˊᵕˋ*)♪	3906		
639	2020-09-13 00:10:20	ପ(⑅ˊᵕˋ⑅)ଓ	5936		
641	2020-09-12 11:54:52	(*´♡｀*)ﾉ♡	3650		
648	2020-09-11 10:11:45	⸜(๑⃙⃘'ᗜ'๑⃙⃘)⸝	1594		
649	2020-09-10 19:06:02	( *˙˙*)	2111		
650	2020-09-09 19:18:38	ପ(⑅ˊᵕˋ⑅)ଓ	5331		
651	2020-09-09 16:10:03	(●´ー｀●)	2139		
652	2020-09-09 13:56:07	( *´꒳`* )	1564		
652	2020-09-09 13:56:07	( ˘꒳˘  )	1564		
653	2020-09-08 15:04:41	(◦ˉ ˘ ˉ◦)	1978		
654	2020-09-08 00:48:20	૮₍´｡• ᵕ •｡`₎ა	851		
655	2020-09-07 22:30:35	(*⃙⃘´꒳`*⃙⃘)	1345		
657	2020-09-06 09:21:31	(*´︶`*)❤︎	666		
657	2020-09-06 09:21:31	(*⃙⃘´꒳`*⃙⃘)	666		
658	2020-09-06 09:17:13	(*´ ˘ `*)	381		
658	2020-09-06 09:17:13	⸜(*ˊᵕˋ* )⸝	381		
659	2020-09-06 09:03:29	(◦ˉ ˘ ˉ◦)	1372		
660	2020-09-06 08:19:29	(๑• . •๑)？	1702		
661	2020-09-04 16:41:29	(◍˃ ᵕ ˂◍)	875		
661	2020-09-04 16:41:29	⸜(* ॑꒳ ॑*  )⸝⋆*	875		
662	2020-09-04 09:13:56	⸜(๑⃙⃘'ᗜ'๑⃙⃘)⸝	1454		
663	2020-09-04 01:04:26	(；；)	952		
663	2020-09-04 01:04:26	(*˘︶˘*)	952		
664	2020-09-03 19:18:28	⸜(* ॑꒳ ॑*  )⸝⋆*	1347		
665	2020-09-02 23:55:16	(*⃙⃘´꒳`*⃙⃘)	1413		
666	2020-09-02 22:46:18	⸜(๑⃙⃘'ᗜ'๑⃙⃘)⸝	2079		
669	2020-09-01 20:33:32	⸜(*ˊᵕˋ* )⸝	736		
670	2020-09-01 20:28:33	(*´︶`*)❤︎	1986		
671	2020-08-31 23:19:06	⸜(* ॑꒳ ॑*  )⸝⋆*	823		
672	2020-08-31 22:51:45	(；；)	874		
672	2020-08-31 22:51:45	(；；)	874		
675	2020-08-31 21:05:43	( * ॑˘ ॑*  ) ⁾⁾	1756		
675	2020-08-31 21:05:43	(p`･ω･´q)	1756		
676	2020-08-31 21:00:07	(◍˃ ᵕ ˂◍)	1496		
677	2020-08-31 02:27:31	( *´꒳`* )	1520		
677	2020-08-31 02:27:31	(｡•́ - •̀｡)	1520		
678	2020-08-31 00:24:25	(｀-ω-´)✧	2288		
679	2020-08-30 07:53:25	⸜(*ˊᵕˋ* )⸝	1774		
680	2020-08-29 21:42:20	( ˘꒳˘  )	1666		
681	2020-08-28 22:18:20	( ʚ̴̶̷́ .̠ ʚ̴̶̷̥̀ )	1668		
682	2020-08-27 22:38:57	(*ˊᵕˋ*)♪	2861		
683	2020-08-27 11:58:53	⸜(๑⃙⃘'ᗜ'๑⃙⃘)⸝	1600		
687	2020-08-26 16:57:36	；＿；	2318		
687	2020-08-26 16:57:36	( ˙꒳​˙  )	2318		
687	2020-08-26 16:57:36	(；；)	2318		
688	2020-08-26 16:18:54	⸜(* ॑꒳ ॑*  )⸝⋆*	747		
689	2020-08-26 16:09:01	⎝｡⌓°⎞	1749		
690	2020-08-26 00:09:43	(*⃙⃘´꒳`*⃙⃘)	1072		
690	2020-08-26 00:09:43	(*ˊᵕˋ*)♪	1072		
690	2020-08-26 00:09:43	(๑ᵕᴗᵕ๑)	1072		
691	2020-08-25 22:47:05	(* 'ᵕ' )	1710		
691	2020-08-25 22:47:05	(◍˃ ᵕ ˂◍)	1710		
692	2020-08-25 22:22:52	( *´꒳`* )	1396		
692	2020-08-25 22:22:52	(◦ˉ ˘ ˉ◦)	1396		
693	2020-08-25 19:30:58	( *¯ ꒳¯*)	778		
694	2020-08-25 16:55:50	(*´♡｀*)ﾉ♡	2574		
695	2020-08-25 16:54:59	⸜(*ˊᵕˋ* )⸝	1350		
696	2020-08-25 00:00:50	(；；)	1172		
697	2020-08-24 21:40:49	( * ॑˘ ॑*  ) ⁾⁾	745		
697	2020-08-24 21:40:49	(•'-'•)	745		
698	2020-08-24 00:55:39	(* ´ ﹀ ` *)	1538		
699	2020-08-23 10:21:55	(*´ ˘ `*)♡	1075		
700	2020-08-23 10:21:36	( *˙˙*)	1697		
700	2020-08-23 10:21:36	⸜(๑⃙⃘'ᗜ'๑⃙⃘)⸝	1697		
701	2020-08-23 08:01:32	(*´▽`*)	2956		
703	2020-08-22 17:48:47	(*ˊᵕˋ*)♪	853		
704	2020-08-22 00:09:39	( *´︶`*)	2091		
705	2020-08-21 21:29:02	(*‘ω‘ *)	782		
706	2020-08-21 09:17:52	( *´꒳`* )	1810		
707	2020-08-20 22:04:12	( *´︶`*)	2462		
707	2020-08-20 22:04:12	(〃´-`〃)	2462		
710	2020-08-19 20:54:31	( *´꒳`* )	703		
710	2020-08-19 20:54:31	(◍˃ ᵕ ˂◍)	703		
711	2020-08-19 12:14:47	´ ³`°) ♬︎*.:*	2212		
712	2020-08-18 21:21:22	:,((•﹏•๑))),:	782		
714	2020-08-18 21:20:18	(◦ˉ ˘ ˉ◦)	1520		
715	2020-08-18 21:16:39	( *´꒳`* )	1513		
715	2020-08-18 21:16:39	(•'-'•)	1513		
718	2020-08-17 19:31:18	⸜(* ॑꒳ ॑*  )⸝⋆*	705		
719	2020-08-17 19:30:41	(*ˊᵕˋ*)♪	2616		
720	2020-08-17 08:53:34	（)´д`(）	1767		
720	2020-08-17 08:53:34	⸜(* ॑꒳ ॑*  )⸝	1767		
722	2020-08-16 20:33:11	(◍˃ ᵕ ˂◍)	1487		
722	2020-08-16 20:33:11	🍴(๑'ڡ'๑)♡	1487		
723	2020-08-16 18:38:05	(*⃙⃘´꒳`*⃙⃘)	1498		
724	2020-08-16 14:32:12	(¯﹃¯٥)゛	1798		
725	2020-08-15 15:43:37	(๑⃙⃘ˊ꒳​ˋ๑⃙)	1004		
727	2020-08-14 23:31:47	( ᐢ˙꒳​˙ᐢ )♡	1642		
728	2020-08-14 23:27:43	( *´︶`*)	979		
728	2020-08-14 23:27:43	⸜(๑⃙⃘'ᗜ'๑⃙⃘)⸝	979		
729	2020-08-14 22:06:15	( *´꒳`* )	1937		
731	2020-08-14 09:00:55	(* ´ ` )	1777		
732	2020-08-13 23:00:01	( *˙˙*)	1438		
733	2020-08-12 23:06:39	(*¯꒳¯*)	1683		
734	2020-08-12 12:26:53	(◍˃ ᵕ ˂◍)	2075		
735	2020-08-11 22:34:32	(*￣∀￣*)~゜	2718		
736	2020-08-11 22:33:20	⸜(* ॑꒳ ॑*  )⸝	1154		
739	2020-08-11 22:31:31	( *´꒳`* )	1884		
745	2020-08-11 20:00:22	⸜(๑⃙⃘'ᗜ'๑⃙⃘)⸝	2087		
746	2020-08-11 17:30:17	_(⊜﹏⊜_  )_	1752		
747	2020-08-11 00:27:26	(*⃙⃘´꒳`*⃙⃘)	1445		
748	2020-08-10 15:13:44	(*´ω`*)	2207		
749	2020-08-09 20:25:43	(*ˊᵕˋ*)♪	926		
751	2020-08-08 23:47:05	( ´-` ).｡oO	1830		
752	2020-08-08 20:57:11	(  ◜…	951		
752	2020-08-08 20:57:11	(*´∇｀*)	951		
753	2020-08-07 22:15:53	(∩˃o˂∩)♡	5357		
754	2020-08-07 11:01:24	( *´꒳`* )	1370		
755	2020-08-07 00:28:36	(*⃙⃘´꒳`*⃙⃘)	1570		
756	2020-08-06 22:12:45	(｡-∀-｡)	2052		
756	2020-08-06 22:12:45	(*¯꒳¯*)	2052		
757	2020-08-05 17:28:45	(•'-'•)	2471		
757	2020-08-05 17:28:45	⸜(* ॑꒳ ॑*  )⸝⋆*	2471		
758	2020-08-04 22:39:39	( ¯  ¯ )ᐝ	1690		
759	2020-08-04 18:46:44	( *˙˙*)	2234		
759	2020-08-04 18:46:44	(*⃙⃘´꒳`*⃙⃘)	2234		
760	2020-08-03 18:19:08	( *´꒳`* )	2966		
760	2020-08-03 18:19:08	(*ˊᵕˋ*)♪	2966		
761	2020-08-03 18:12:06	(〃´-`〃)	2699		
761	2020-08-03 18:12:06	⸜(๑⃙⃘'ᗜ'๑⃙⃘)⸝	2699		
762	2020-08-03 17:50:00	(｡ì _ í｡)و♡	5249		
762	2020-08-03 17:50:00	⸜(* ॑꒳ ॑*  )⸝	5249		
764	2020-08-02 19:53:39	(◍˃ ᵕ ˂◍)	1857		
764	2020-08-02 19:53:39	⸜(* ॑꒳ ॑*  )⸝	1857		
765	2020-08-02 13:11:09	( *´꒳`* )	1725		
766	2020-08-02 00:37:22	(  •̥ ˍ •̥  )	1578		
767	2020-08-01 17:54:00	（)´д`(）	1473		
768	2020-08-01 00:11:54	(•'-'•)	1531		
769	2020-07-31 15:57:57	ヽ(〃’▽’〃)ﾉ☆ﾟ’･:*☆	680		
770	2020-07-30 19:03:12	⸜(* ॑꒳ ॑*  )⸝	1296		
771	2020-07-30 19:02:08	(*´ω`*)	838		
771	2020-07-30 19:02:08	(〃´-`〃)	838		
772	2020-07-30 15:49:14	( *´︶`*)	2253		
772	2020-07-30 15:49:14	(◍˃ ᵕ ˂◍)	2253		
772	2020-07-30 15:49:14	⸜(๑⃙⃘'ᗜ'๑⃙⃘)⸝	2253		
774	2020-07-29 21:48:25	(*⃙⃘´꒳`*⃙⃘)	937		
775	2020-07-29 21:45:14	( *´꒳`* )	1080		
776	2020-07-29 21:31:55	*.(๓´͈ ˘ `͈๓).*	1946		
777	2020-07-29 21:31:27	( *˙˙*)	1363		
778	2020-07-29 13:23:19	( ᐢ˙꒳​˙ᐢ )♡	3052		
778	2020-07-29 13:23:19	(◍˃ ᵕ ˂◍)	3052		
779	2020-07-29 13:20:04	(•'-'•)	6656		
780	2020-07-29 03:30:01	( ˶  ᷇ 𖥦  ᷆ ˵ )	3810		
781	2020-07-28 21:56:08	(*ˊᵕˋ*)♪	1014		
782	2020-07-28 21:55:04	(*¯꒳¯*)	1593		
783	2020-07-28 21:54:42	( *´︶`*)	4091		
784	2020-07-28 19:25:09	( *´꒳`* )	2038		
785	2020-07-28 09:36:51	(  '֊' )	1719		
786	2020-07-27 22:23:28	(*⃙⃘´꒳`*⃙⃘)	1924		
786	2020-07-27 22:23:28	⸜(* ॑꒳ ॑*  )⸝	1924		
787	2020-07-27 22:10:09	( ᐢ˙꒳​˙ᐢ )♡	1571		
787	2020-07-27 22:10:09	(*¯꒳¯*)	1571		
788	2020-07-27 19:50:13	( *˙˙*)	1247		
789	2020-07-27 19:04:03	(๑⃙⃘ˊ꒳​ˋ๑⃙)	5074		
790	2020-07-27 16:56:44	( *´︶`*)	672		
791	2020-07-27 16:55:51	(〃´-`〃)	1539		
793	2020-07-27 00:08:18	⸜(* ॑꒳ ॑*  )⸝	1403		
794	2020-07-26 23:24:56	⸜(* ॑꒳ ॑*  )⸝⋆*	929		
795	2020-07-26 14:49:37	(*ˊᵕˋ*)♪	1802		
795	2020-07-26 14:49:37	(▼ω▼)	1802		
795	2020-07-26 14:49:37	⸜(๑⃙⃘'ᗜ'๑⃙⃘)⸝	1802		
796	2020-07-26 00:46:21	(・・?)	3367		
796	2020-07-26 00:46:21	(〃´-`〃)	3367		
796	2020-07-26 00:46:21	⸜(* ॑꒳ ॑*  )⸝	3367		
797	2020-07-26 00:35:56	⸜(๑⃙⃘'ᗜ'๑⃙⃘)⸝	1892		
799	2020-07-25 22:58:55	⸜(* ॑꒳ ॑*  )⸝⋆*	1273		
800	2020-07-25 15:49:58	( *´︶`*)	2072		
800	2020-07-25 15:49:58	⸜(๑⃙⃘'ᗜ'๑⃙⃘)⸝	2072		
801	2020-07-25 13:15:12	( *´꒳`* )	1742		
801	2020-07-25 13:15:12	⸜(* ॑꒳ ॑*  )⸝⋆*	1742		
802	2020-07-24 16:26:37	(〃´-`〃)	76		
802	2020-07-24 16:26:37	(ง •̀_•́)ง	76		
803	2020-07-24 16:20:31	( ᐢ˙꒳​˙ᐢ )♡	3135		
803	2020-07-24 16:20:31	(*⃙⃘´꒳`*⃙⃘)	3135		
804	2020-07-24 16:15:55	⸜(๑⃙⃘'ᗜ'๑⃙⃘)⸝	1039		
805	2020-07-23 20:13:27	(〃´-`〃)	1598		
805	2020-07-23 20:13:27	ᐡ⸝⸝&gt;  ̫ &lt;⸝⸝ᐡ	1598		
808	2020-07-23 00:29:57	( *´︶`*)	645		
808	2020-07-23 00:29:57	(*⃙⃘´꒳`*⃙⃘)	645		
809	2020-07-22 22:09:22	( ᐢ˙꒳​˙ᐢ )	2203		
810	2020-07-22 20:34:47	(๑⃙⃘ˊ꒳​ˋ๑⃙)	1259		
810	2020-07-22 20:34:47	⸜(* ॑꒳ ॑*  )⸝	1259		
811	2020-07-22 16:12:33	(◍˃ ᵕ ˂◍)	4344		
813	2020-07-21 20:35:46	( ᐢ˙꒳​˙ᐢ )♡	649		
814	2020-07-21 20:31:01	( *´꒳`* )	1211		
814	2020-07-21 20:31:01	⸜(* ॑꒳ ॑*  )⸝⋆*	1211		
815	2020-07-21 20:24:41	(〃´-`〃)	1840		
815	2020-07-21 20:24:41	⸜(๑⃙⃘'ᗜ'๑⃙⃘)⸝	1840		
816	2020-07-21 08:03:41	(*⃙⃘´꒳`*⃙⃘)	1597		
817	2020-07-20 17:22:14	(；；)	1781		
818	2020-07-20 08:13:14	(*ˊᵕˋ*)♪	2215		
818	2020-07-20 08:13:14	(๑⃙⃘ˊ꒳…	2215		
818	2020-07-20 08:13:14	⸜(* ॑꒳ ॑*  )⸝	2215		
819	2020-07-20 08:07:59	(◦ˉ ˘ ˉ◦)	1513		
820	2020-07-19 19:29:35	⸜(๑⃙⃘'ᗜ'๑⃙⃘)⸝	677		
821	2020-07-19 18:41:28	( *´꒳`* )	745		
821	2020-07-19 18:41:28	( ᐢ˙꒳​˙ᐢ )♡	745		
822	2020-07-19 00:11:27	(〃´-`〃)	2609		
822	2020-07-19 00:11:27	(◍˃ ᵕ ˂◍)	2609		
823	2020-07-19 00:01:38	⸜(* ॑꒳ ॑*  )⸝⋆*	1149		
824	2020-07-18 22:06:23	( *˙˙*)	1378		
825	2020-07-17 15:58:10	( 　˙³˙　 )	871		
825	2020-07-17 15:58:10	⸜(* ॑꒳ ॑*  )⸝⋆*	871		
826	2020-07-17 00:44:36	(๑ᵕᴗᵕ๑)	1182		
827	2020-07-17 00:43:57	( *´꒳`* )	1725		
828	2020-07-15 21:06:11	⸜(* ॑꒳ ॑*  )⸝⋆*	887		
829	2020-07-15 21:04:28	( *¯ ꒳¯*)	1374		
830	2020-07-15 20:50:38	( *´꒳`* )	782		
831	2020-07-15 20:40:29	(*¯꒳¯*)	1099		
833	2020-07-15 20:39:02	( *´︶`*)	827		
834	2020-07-15 20:37:58	(◍˃ ᵕ ˂◍)	823		
835	2020-07-15 20:36:17	( *˙˙*)	1159		
836	2020-07-15 20:35:42	(*ˊᵕˋ*)♪	871		
836	2020-07-15 20:35:42	(〃´-`〃)	871		
837	2020-07-15 20:20:01	(*‘ω‘ *)	4528		
837	2020-07-15 20:20:01	⸜(* ॑꒳ ॑*  )⸝	4528		
838	2020-07-14 23:55:13	(◍˃ ᵕ ˂◍)	613		
841	2020-07-14 09:04:08	( *˙˙*)	2599		
841	2020-07-14 09:04:08	⸜(๑⃙⃘'ᗜ'๑⃙⃘)⸝	2599		
842	2020-07-14 07:56:01	⸜(* ॑꒳ ॑*  )⸝	1576		
843	2020-07-13 18:43:25	( ˘꒳˘  )	1499		
844	2020-07-13 09:06:44	(；；)	1538		
846	2020-07-13 08:58:00	(；；)	1287		
847	2020-07-13 08:55:27	(◍˃ ᵕ ˂◍)	1780		
848	2020-07-12 21:20:11	(♡¨̮)	741		
849	2020-07-12 21:18:40	( *´꒳`* )	1283		
849	2020-07-12 21:18:40	(๑¯꒳¯๑)	1283		
850	2020-07-12 01:35:01	(｡•ㅅ•｡)♡	1345		
851	2020-07-11 00:39:09	(｡-∀-｡)	1384		
852	2020-07-11 00:34:28	( *´꒳`* )	6996		
852	2020-07-11 00:34:28	⸜(* ॑꒳ ॑*  )⸝	6996		
853	2020-07-11 00:07:10	( ᐢ˙꒳​˙ᐢ )♡	649		
854	2020-07-10 09:48:09	( *˙˙*)	1448		
855	2020-07-09 23:10:33	⸜(๑⃙⃘'ᗜ'๑⃙⃘)⸝	1830		
856	2020-07-09 21:02:35	( *´꒳`* )	749		
858	2020-07-09 00:13:44	Σ( ˙꒳​˙  )!?	1191		
859	2020-07-08 23:34:12	♡(๑¯꒳¯๑)	1836		
860	2020-07-07 23:53:04	( ᐢ˙꒳​˙ᐢ )♡	1616		
860	2020-07-07 23:53:04	⸜(๑⃙⃘'ᗜ'๑⃙⃘)⸝	1616		
862	2020-07-07 18:48:43	(*ˊᵕˋ*)♪	2080		
865	2020-07-07 13:29:14	( ˶  ᷇ 𖥦  ᷆ ˵ )	1153		
866	2020-07-07 13:21:28	(〈●〉Д〈●〉)	2648		
868	2020-07-07 00:14:52	(〃´-`〃)	1329		
869	2020-07-05 20:40:01	( *´︶`*)	932		
869	2020-07-05 20:40:01	(◦ˉ ˘ ˉ◦)	932		
870	2020-07-05 02:24:46	(´･ωゞ)	1400		
871	2020-07-05 00:55:59	(*ˊᵕˋ*)♪	895		
871	2020-07-05 00:55:59	(〃´-`〃)	895		
872	2020-07-04 21:27:07	(◦ˉ ˘ ˉ◦)	620		
873	2020-07-04 21:20:14	( ⸝⸝•ᴗ•⸝⸝ )	608		
874	2020-07-03 23:28:32	(๑⃙⃘ˊ꒳​ˋ๑⃙)	862		
875	2020-07-03 11:06:50	(〃´-`〃)	461		
876	2020-07-03 11:05:39	( ⸝⸝•ᴗ•⸝⸝ )	868		
876	2020-07-03 11:05:39	⸜(๑⃙⃘'ᗜ'๑⃙⃘)⸝	868		
877	2020-07-03 08:05:28	⸜(* ॑꒳ ॑*  )⸝	1527		
878	2020-07-02 14:47:55	⸜(* ॑꒳ ॑*  )⸝	1057		
880	2020-07-01 15:43:00	( *´︶`*)	2479		
881	2020-06-30 21:21:57	(๑⃙⃘ˊ꒳​ˋ๑⃙)	1340		
882	2020-06-29 21:40:44	( *´꒳`* )	1574		
883	2020-06-29 21:38:51	(〃´-`〃)	1852		
883	2020-06-29 21:38:51	(◦ˉ ˘ ˉ◦)	1852		
884	2020-06-29 19:03:35	(◦ˉ ˘ ˉ◦)	809		
885	2020-06-28 18:09:11	(*ˊᵕˋ*)♪	1259		
885	2020-06-28 18:09:11	(〃´-`〃)	1259		
886	2020-06-28 08:46:22	( *´︶`*)	1635		
887	2020-06-27 22:19:34	(っ﹏-๑)	1548		
888	2020-06-27 19:10:01	(◦ˉ ˘ ˉ◦)	967		
889	2020-06-26 19:28:13	(๑⃙⃘ˊ꒳​ˋ๑⃙)	661		
890	2020-06-26 13:00:31	(ᦲωᦲ,`暑)	1406		
891	2020-06-25 20:48:07	⸝⸝-  ̫ -⸝⸝	1569		
892	2020-06-25 11:11:18	(*ˊᵕˋ*)♪	1109		
893	2020-06-24 12:34:38	( ˙꒳​˙  )	1666		
894	2020-06-23 23:24:28	(๑⃙⃘ˊ꒳​ˋ๑⃙)	1093		
895	2020-06-23 22:59:03	⸜(* ॑꒳ ॑*  )⸝	221		
896	2020-06-23 22:58:43	⸜(๑⃙⃘'ᗜ'๑⃙⃘)⸝	1335		
897	2020-06-23 15:28:43	( ⸝⸝•ᴗ•⸝⸝ )	584		
897	2020-06-23 15:28:43	(〃´-`〃)	584		
898	2020-06-23 15:23:17	(๑⃙⃘ˊ꒳​ˋ๑⃙)	1647		
899	2020-06-22 23:39:04	(*ˊᵕˋ*)♪	1544		
900	2020-06-22 21:48:03	⸜(๑⃙⃘'ᗜ'๑⃙⃘)⸝	1124		
901	2020-06-22 21:44:00	(๑⃙⃘ˊ꒳​ˋ๑⃙)	1964		
902	2020-06-22 21:40:35	( ⸝⸝•ᴗ•⸝⸝ )	3825		
902	2020-06-22 21:40:35	⸜(* ॑꒳ ॑*  )⸝	3825		
903	2020-06-22 19:19:58	⸜(* ॑꒳ ॑*  )⸝	1517		
904	2020-06-21 20:21:25	*.(๓´͈ ˘ `͈๓).*	1040		
905	2020-06-21 18:11:27	( *´꒳`* )	3873		
905	2020-06-21 18:11:27	(๑⃙⃘ˊ꒳​ˋ๑⃙)	3873		
906	2020-06-21 14:27:20	⸜(* ॑꒳ ॑*  )⸝	1408		
907	2020-06-20 23:44:52	⸜(* ॑꒳ ॑*  )⸝	748		
907	2020-06-20 23:44:52	⸜(๑⃙⃘'ᗜ'…	748		
908	2020-06-20 22:16:48	( ⸝⸝•ᴗ•⸝⸝ )	1425		
909	2020-06-20 22:14:18	(˶ ̇ ̵ ̇˶ )	1304		
911	2020-06-20 18:49:48	( *´꒳`* )	1127		
911	2020-06-20 18:49:48	(*ˊᵕˋ*)♪	1127		
913	2020-06-19 22:35:49	⸜(๑⃙⃘'ᗜ'๑⃙⃘)⸝	863		
914	2020-06-19 16:19:28	*｡.(♥´꒳`*)人(*´꒳`♥).｡*	1566		
915	2020-06-18 23:36:30	♡\(*ˊᗜˋ*)/♡	1001		
916	2020-06-18 21:19:17	⸜(๑⃙⃘'ᗜ'๑⃙⃘)⸝	1154		
917	2020-06-18 07:42:36	(*ˊᵕˋ*)♪	3387		
917	2020-06-18 07:42:36	⸜(๑⃙⃘'ᗜ'๑⃙⃘)⸝	3387		
919	2020-06-17 18:28:16	( *´꒳`* )	1522		
919	2020-06-17 18:28:16	( ˶'-'˶)	1522		
922	2020-06-16 22:13:05	( ᐢ˙꒳​˙ᐢ )♡	1697		
922	2020-06-16 22:13:05	⸜(* ॑꒳ ॑*  )⸝	1697		
923	2020-06-15 22:18:11	( *´꒳`* )	1583		
924	2020-06-15 19:10:43	♡\(*ˊᗜˋ*)/♡	7244		
925	2020-06-14 20:46:30	(๑⃙⃘ˊ꒳​ˋ๑⃙)	1781		
928	2020-06-13 22:40:51	:(´◉ᾥ◉｀):	1600		
930	2020-06-13 10:37:35	(˶ ̇ ̵ ̇˶ )	1271		
930	2020-06-13 10:37:35	⸜(๑⃙⃘'ᗜ'๑⃙⃘)⸝	1271		
931	2020-06-12 22:17:46	(*¯꒳¯*)	649		
932	2020-06-12 15:02:02	⸜(⑉･̆-･̆⑉)⸝‍	1770		
933	2020-06-11 20:40:48	(๑⃙⃘˙꒳˙๑⃙⃘)	1973		
934	2020-06-11 18:46:30	(*¯꒳¯*)	3994		
934	2020-06-11 18:46:30	(๑⃙⃘ˊ꒳​ˋ๑⃙)	3994		
936	2020-06-10 19:31:02	( *´꒳`* )	2088		
938	2020-06-10 18:09:39	( *´︶`*)	2246		
938	2020-06-10 18:09:39	\(ᯅ̈ )/	2246		
941	2020-06-09 22:22:12	( ⸝⸝•ᴗ•⸝⸝ )	2054		
943	2020-06-09 21:58:23	♡\(*ˊᗜˋ*)/♡	3407		
945	2020-06-09 21:41:03	⸜(๑⃙⃘'ᗜ'๑⃙⃘)⸝	3739		
948	2020-06-09 20:58:08	⸜(* ॑꒳ ॑*  )⸝	2037		
959	2020-06-09 19:48:34	( ᐢ˙꒳​˙ᐢ )♡	1935		
960	2020-06-09 16:58:48	( *´꒳`* )	1180		
960	2020-06-09 16:58:48	(*¯꒳¯*)	1180		
960	2020-06-09 16:58:48	(๑⃙⃘ˊ꒳​ˋ๑⃙)	1180		
962	2020-06-08 22:08:59	⸜(* ॑꒳ ॑*  )⸝	7926		
963	2020-06-08 16:30:58	( *´꒳`* )	811		
963	2020-06-08 16:30:58	(ΦωΦ)	811		
964	2020-06-08 15:23:28	( ᐢ˙꒳​˙ᐢ )♡	3014		
965	2020-06-08 08:41:58	(｡･ω-｡)	1770		
966	2020-06-07 22:53:42	(๑⃙⃘ˊ꒳​ˋ๑⃙)	1530		
967	2020-06-07 22:26:09	⸜(* ॑꒳ ॑*  )⸝⋆*	1089		
968	2020-06-07 19:40:28	♡\(*ˊᗜˋ*)/♡	1042		
969	2020-06-06 22:35:10	( ⸝⸝•ᴗ•⸝⸝ )	1220		
971	2020-06-06 21:39:44	( *´꒳`* )	2453		
971	2020-06-06 21:39:44	⸜(๑⃙⃘'ᗜ'๑⃙⃘)⸝	2453		
972	2020-06-06 19:47:04	⸜(* ॑꒳ ॑*  )⸝	752		
973	2020-06-05 21:16:50	⸜(* ॑꒳ ॑*  )⸝⋆*	635		
974	2020-06-05 12:12:16	ι(´Д｀υ)	1759		
975	2020-06-04 23:32:08	( *´︶`*)	1628		
976	2020-06-04 11:46:53	(๑⃙⃘ˊ꒳​ˋ๑⃙)	1235		
977	2020-06-03 18:52:21	( *´︶`*)	912		
978	2020-06-03 18:51:51	⸜(๑⃙⃘'ᗜ'๑⃙⃘)⸝	895		
978	2020-06-03 18:51:51	✧︎◝︎(*´꒳`*)◜︎✧︎	895		
979	2020-06-02 20:52:15	⸜(๑⃙⃘'ᗜ'๑⃙⃘)⸝	3716		
980	2020-06-02 20:50:47	( ⸝⸝•ᴗ•⸝⸝ )	1808		
980	2020-06-02 20:50:47	(*¯꒳¯*)	1808		
981	2020-06-02 00:27:04	✧︎◝︎(*´꒳`*)◜︎✧︎	3324		
982	2020-06-01 19:36:41	(｡•ㅅ•｡)♡	1183		
982	2020-06-01 19:36:41	(*¯꒳¯*)	1183		
982	2020-06-01 19:36:41	(๑⃙⃘ˊ꒳​ˋ๑⃙)	1183		
983	2020-05-31 20:34:45	⸜(* ॑꒳ ॑*  )⸝⋆*	829		
984	2020-05-31 17:15:32	(*⃙⃘´꒳`*⃙⃘)	1190		
985	2020-05-30 23:39:11	⸜(๑⃙⃘'ᗜ'๑⃙⃘)⸝	1377		
986	2020-05-30 21:51:04	( ⸝⸝•ᴗ•⸝⸝ )	4438		
986	2020-05-30 21:51:04	( *´艸`)	4438		
988	2020-05-30 19:58:20	⸜(* ॑꒳ ॑*  )⸝⋆*	859		
990	2020-05-29 21:07:47	⸜(๑⃙⃘'ᗜ'๑⃙⃘)⸝	1483		
991	2020-05-29 20:50:20	( *¯ ꒳¯*)	7533		
992	2020-05-29 20:34:10	✧︎◝︎(*´꒳`*)◜︎✧	469		
993	2020-05-29 20:31:06	⸜(* ॑꒳ ॑*  )⸝	712		
994	2020-05-29 20:23:24	( ⸝⸝•ᴗ•⸝⸝ )	1050		
1000	2020-05-29 15:46:36	⸜(* ॑꒳ ॑*  )⸝⋆*	9632		
1001	2020-05-29 15:40:26	( ⸝⸝•ᴗ•⸝…	2159		
1001	2020-05-29 15:40:26	( *´꒳`* )	2159		
1001	2020-05-29 15:40:26	⸜(* ॑꒳ ॑*  )⸝	2159		
1002	2020-05-29 11:11:43	(๑⃙⃘ˊ꒳​ˋ๑⃙)	1316		
1002	2020-05-29 11:11:43	⸜(๑⃙⃘'ᗜ'๑⃙⃘)⸝	1316		
1003	2020-05-29 00:54:21	(* ´ ﹀ ` *)	1569		
1004	2020-05-28 21:34:07	(*ˊ˘ˋ*)｡♪:*°	2397		
1005	2020-05-28 00:18:18	(  ｰ̀֊ｰ́ )✧	2045		
1005	2020-05-28 00:18:18	⸜(๑⃙⃘'ᗜ'๑⃙⃘)⸝	2045		
1006	2020-05-26 22:33:18	(*¯꒳¯*)	1047		
1006	2020-05-26 22:33:18	⸜(* ॑꒳ ॑*  )⸝	1047		
1007	2020-05-26 22:31:34	⸜(๑⃙⃘'ᗜ'๑⃙⃘)⸝	898		
1009	2020-05-25 13:45:00	( ´•̥  ̫ •̥` )	1935		
1009	2020-05-25 13:45:00	(｡•ㅅ•｡)♡	1935		
1010	2020-05-24 21:04:38	(´◉ω◉)	1228		
1011	2020-05-24 19:45:29	(๑˙―˙๑)？	1463		
1013	2020-05-24 18:27:07	(  °×°  )	1519		
1014	2020-05-24 13:33:06	(；；)	1598		
1014	2020-05-24 13:33:06	(*¯꒳¯*)	1598		
1015	2020-05-23 22:48:29	(*´-`*)	1031		
1015	2020-05-23 22:48:29	(*⃙⃘´꒳`*⃙⃘)	1031		
1016	2020-05-23 22:43:59	(*¯꒳¯*)	136		
1016	2020-05-23 22:43:59	⸜(* ॑꒳ ॑*  )⸝	136		
1017	2020-05-23 22:29:45	(；；)	1127		
1017	2020-05-23 22:29:45	⸜(๑⃙⃘'ᗜ'๑⃙⃘)⸝	1127		
1018	2020-05-23 16:52:02	( *¯ ꒳¯*)	1236		
1018	2020-05-23 16:52:02	(´・∀・｀)	1236		
1024	2020-05-23 12:37:26	( *´︶`*)	1195		
1024	2020-05-23 12:37:26	(*⃙⃘´꒳`*⃙⃘)	1195		
1025	2020-05-22 22:37:31	( *´︶`*)	3354		
1026	2020-05-22 22:36:06	(*´-`*)	1639		
1027	2020-05-22 22:34:55	(๑ ᵒ̴̶̷̥́ ^ ᵒ̴̶̷̣̥̀ ๑)	1840		
1029	2020-05-21 21:21:39	( ᐢ˙꒳​˙ᐢ )♡	1342		
1029	2020-05-21 21:21:39	⸜(๑⃙⃘'ᗜ'๑⃙⃘)⸝	1342		
1032	2020-05-21 10:31:35	⸜(* ॑꒳ ॑*  )⸝⋆*	717		
1033	2020-05-21 10:15:59	(*´-`*)	1733		
1033	2020-05-21 10:15:59	✧︎◝︎(*´꒳`*)◜︎✧︎	1733		
1034	2020-05-21 09:31:30	(*¯꒳¯*)	1667		
1034	2020-05-21 09:31:30	(๑⃙⃘ˊ꒳​ˋ๑⃙)	1667		
1035	2020-05-20 15:18:41	( ⸝⸝•ᴗ•⸝⸝ )	2408		
1035	2020-05-20 15:18:41	(*´-`*)	2408		
1036	2020-05-20 10:17:58	( ᐢ˙꒳​˙ᐢ )♡	894		
1036	2020-05-20 10:17:58	(˶ ̇ ̵ ̇˶ )	894		
1038	2020-05-19 18:53:18	(´◉ω◉)	781		
1039	2020-05-19 18:50:28	( ˶'-'˶)	881		
1039	2020-05-19 18:50:28	⸜(* ॑꒳ ॑*  )⸝⋆*	881		
1045	2020-05-18 21:49:59	( ᐢ˙꒳​˙ᐢ )♡	1353		
1045	2020-05-18 21:49:59	(*´-`*)	1353		
1046	2020-05-18 21:32:18	( *´︶`*)	2526		
1047	2020-05-18 18:52:36	(  ˊ꒳ˋ ) ᐝ	1543		
1047	2020-05-18 18:52:36	(๑⃙⃘ˊ꒳​ˋ๑⃙)	1543		
1048	2020-05-18 02:01:33	( ´•̥  ̫ •̥` )	1625		
1050	2020-05-17 16:20:25	(  ｰ̀֊ｰ́ )✧	902		
1050	2020-05-17 16:20:25	( ˶'-'˶)	902		
1056	2020-05-17 00:20:10	( *´︶`*)	1513		
1057	2020-05-16 21:08:28	(*¯꒳¯*)	874		
1058	2020-05-16 21:01:42	⸜(* ॑꒳ ॑*  )⸝	916		
1059	2020-05-16 14:58:08	(*⃙⃘´꒳`*⃙⃘)	1537		
1060	2020-05-15 20:55:03	⸜(๑⃙⃘'ᗜ'๑⃙⃘)⸝	3893		
1061	2020-05-15 13:02:39	⸜(* ॑꒳ ॑*  )⸝	1599		
1064	2020-05-14 09:53:11	( ˶'-'˶)	1762		
1066	2020-05-13 23:28:34	"( 'ω'  و( و""♪"	672		
1067	2020-05-13 13:39:06	(*¯꒳¯*)	1363		
1067	2020-05-13 13:39:06	⸜(* ॑꒳ ॑*  )⸝	1363		
1069	2020-05-13 13:28:44	( ¤̴̶̷̤́ ‧̫̮ ¤̴̶̷̤̀ )	1180		
1069	2020-05-13 13:28:44	(๑°꒵°๑)･*♡	1180		
1070	2020-05-13 00:42:10	(๑ｰㅅｰ๑)	2590		
1073	2020-05-12 11:55:15	( *´︶`*)	1759		
1074	2020-05-12 05:41:41	(* ॑꒳ ॑*  )⋆*	2008		
1075	2020-05-11 22:35:44	(*´-`*)	1478		
1075	2020-05-11 22:35:44	(*˘︶˘*)	1478		
1076	2020-05-11 21:40:19	⸜(๑⃙⃘'ᗜ'๑⃙⃘)⸝	1243		
1077	2020-05-11 16:02:09	(*⃙⃘´꒳`*⃙⃘)	904		
1077	2020-05-11 16:02:09	⸜(* ॑꒳ ॑*  )⸝⋆*	904		
1078	2020-05-11 15:19:10	( ⸝⸝•ᴗ•⸝⸝ )	1282		
1079	2020-05-11 03:04:11	(๑o̴̶̷᷄﹏o̴̶̷᷄๑)	1586		
1080	2020-05-10 22:35:14	(*´-`*)	1816		
1082	2020-05-10 09:26:23	(*⃙⃘´꒳`*⃙⃘)	1541		
1082	2020-05-10 09:26:23	⸜(๑⃙⃘'ᗜ'๑⃙⃘)⸝	1541		
1083	2020-05-09 20:06:33	(⸝⸝o̴̶̷᷄ ·̭ o̴̶̷̥᷅⸝⸝)❤︎	1034		
1084	2020-05-09 18:07:58	(* ॑꒳ ॑*  )⋆*	1663		
1084	2020-05-09 18:07:58	(*´-`*)	1663		
1085	2020-05-09 01:01:49	(  ˊ꒳ˋ ) ᐝ	1384		
1086	2020-05-08 21:33:35	(o´∀`o)	1325		
1086	2020-05-08 21:33:35	⸜(๑⃙⃘'ᗜ'๑⃙⃘)⸝	1325		
1089	2020-05-08 19:33:36	(* ॑꒳ ॑*  )⋆*	1143		
1090	2020-05-08 19:02:47	(*⃙⃘´꒳`*⃙⃘)	2093		
1090	2020-05-08 19:02:47	(*¯꒳¯*)	2093		
1091	2020-05-08 10:13:49	( *´︶`*)	1612		
1092	2020-05-08 00:13:26	(*´-`*)	2456		
1092	2020-05-08 00:13:26	(*⃙⃘´꒳`*⃙⃘)	2456		
1093	2020-05-07 23:10:13	⸜(* ॑꒳ ॑*  )	720		
1097	2020-05-07 18:17:18	(；；)	1119		
1097	2020-05-07 18:17:18	(｡&gt;ㅅ&lt;｡)	1119		
1098	2020-05-07 07:59:27	(* ॑꒳ ॑*  )⋆*	1906		
1099	2020-05-06 19:12:18	(*´-`*)	2223		
1100	2020-05-05 23:25:44	(*⃙⃘´꒳`*⃙⃘)	1575		
1100	2020-05-05 23:25:44	⸜(* ॑꒳ ॑*  )⸝	1575		
1101	2020-05-05 19:36:48	( *´︶`*)	875		
1101	2020-05-05 19:36:48	⸜(* ॑꒳ ॑*  )⸝⋆*	875		
1102	2020-05-05 15:35:11	(  •̥ ˍ •̥  )	1819		
1103	2020-05-05 00:55:00	⸜(* ॑꒳ ॑*  )⸝	1307		
1104	2020-05-04 20:16:57	⸜(๑⃙⃘'ᗜ'๑⃙⃘)⸝	659		
1106	2020-05-04 20:12:25	( *´︶`*)	1031		
1106	2020-05-04 20:12:25	(๑•̀ㅁ•́๑)ゞ	1031		
1107	2020-05-04 17:15:40	(❁ᴗ͈ ᴗ͈)”	1078		
1108	2020-05-03 17:11:22	° ✧ (*´ `*) ✧ °	825		
1109	2020-05-03 09:31:56	⸜(* ॑꒳ ॑*  )⸝	1827		
1110	2020-05-02 16:03:20	(๑•̀ㅁ•́๑)ゞ	862		
1111	2020-05-02 16:02:59	(*﹃*,)	1831		
1114	2020-05-01 22:06:11	( *¯ ꒳¯*)	1399		
1115	2020-05-01 18:31:47	( *´︶`*)	373		
1116	2020-05-01 01:51:46	(  ˊ꒳ˋ ) ᐝ	1571		
1122	2020-04-30 16:29:19	( *´︶`*)	1869		
1122	2020-04-30 16:29:19	⸜(* ॑꒳ ॑*  )⸝	1869		
1124	2020-04-30 12:45:58	° ✧ (*´ `*) ✧ °	2038		
1125	2020-04-30 00:33:37	(・8・)	3157		
1125	2020-04-30 00:33:37	(⸝⸝›_‹⸝⸝)	3157		
1127	2020-04-30 00:06:17	◝(⑅•ᴗ•⑅)◜..°♡	5917		
1128	2020-04-29 23:46:22	⸜(* ॑꒳ ॑*  )⸝⋆*	5702		
1129	2020-04-29 23:34:09	( இ﹏இ )	3918		
1131	2020-04-29 23:11:13	(இoஇ; )	1869		
1132	2020-04-29 22:57:20	(*⃙⃘´꒳`*⃙⃘)	3875		
1136	2020-04-29 22:13:25	(〃&gt;ω&lt;〃)	2315		
1136	2020-04-29 22:13:25	(๑¯∇¯๑)	2315		
1137	2020-04-29 22:05:51	⸜(* ॑꒳ ॑*  )⸝	2192		
1138	2020-04-29 18:25:17	( *¯ ꒳¯*)	1250		
1138	2020-04-29 18:25:17	(*´ω`*)	1250		
1139	2020-04-29 17:30:44	( ⸝⸝•ᴗ•⸝⸝ )	2137		
1140	2020-04-29 13:42:56	(๑⃙⃘ˊ꒳​ˋ๑⃙)	2537		
1140	2020-04-29 13:42:56	(੭ ᐕ))	2537		
1141	2020-04-29 04:28:04	( *¯ ꒳¯*)	1490		
1142	2020-04-29 03:35:08	(✌︎∗ˊ꒳ˋ∗✌︎)	1742		
1143	2020-04-29 03:18:46	(｡ρω-｡)	216		
1143	2020-04-29 03:18:46	⸜(๑⃙⃘'ᗜ'๑⃙⃘)⸝	216		
1144	2020-04-29 03:11:52	( ⸝⸝•ᴗ•⸝⸝ )	1748		
1144	2020-04-29 03:11:52	( *¯ ꒳¯*)	1748		
1145	2020-04-28 22:12:07	⸜(* ॑꒳ ॑*  )⸝	1760		
1147	2020-04-28 18:12:38	⸜(๑⃙⃘'ᗜ'๑⃙⃘)⸝	543		
1149	2020-04-28 01:20:56	( *´︶`*)	808		
1149	2020-04-28 01:20:56	⸜(๑⃙⃘'ᗜ'๑⃙⃘)⸝	808		
1150	2020-04-27 20:19:31	(⸝⸝›_‹⸝⸝)	845		
1155	2020-04-27 19:23:54	⸜(๑⃙⃘'ᗜ'๑⃙⃘)⸝	1180		
1156	2020-04-27 13:19:27	(* ॑꒳ ॑*  )⋆*	622		
1158	2020-04-26 10:25:17	(*⃙⃘´꒳`*⃙⃘)	2095		
1158	2020-04-26 10:25:17	(o´∀`o)	2095		
1159	2020-04-25 23:13:28	⸜(* ॑꒳ ॑*  )⸝	817		
1160	2020-04-25 23:09:10	( ⸝⸝•ᴗ•⸝⸝ )	1018		
1160	2020-04-25 23:09:10	（*'∇'*)	1018		
1160	2020-04-25 23:09:10	(❁ᴗ͈ ᴗ͈)”	1018		
1161	2020-04-25 22:41:46	(*⃙⃘´꒳`*⃙⃘)	1420		
1162	2020-04-25 16:02:55	( *´︶`*)	1384		
1163	2020-04-25 15:52:41	(*⃙⃘´꒳`*⃙⃘)	2011		
1163	2020-04-25 15:52:41	(♥ω♥*)	2011		
1165	2020-04-24 22:27:51	(´◉ω◉)	1355		
1166	2020-04-24 20:06:40	( ⸝⸝•ᴗ•⸝⸝ )	1282		
1167	2020-04-24 14:20:44	( *´︶`*)	3298		
1168	2020-04-23 19:40:56	( ¨̮ )︎︎♡	1019		
1168	2020-04-23 19:40:56	(*⃙⃘´꒳`*⃙⃘)	1019		
1168	2020-04-23 19:40:56	(*⃙⃘´꒳`*⃙⃘)	1019		
1169	2020-04-23 09:34:28	( ⸝⸝•ᴗ•⸝⸝ )	713		
1171	2020-04-22 22:45:32	( *´︶`*)	1365		
1171	2020-04-22 22:45:32	(๑⃙⃘ˊ꒳​ˋ๑⃙)	1365		
1172	2020-04-22 07:35:01	v(・∀・*)	2315		
1173	2020-04-21 17:55:54	(●´ω`●)	5165		
1174	2020-04-21 06:57:27	⸜(* ॑꒳ ॑*  )⸝	2090		
1177	2020-04-20 15:25:40	( ⸝⸝•ᴗ•⸝⸝ )	3628		
1179	2020-04-19 18:07:50	( ◜ ▿ ◝ )	1864		
1179	2020-04-19 18:07:50	⸜(๑⃙⃘'ᗜ'๑⃙⃘)⸝	1864		
1180	2020-04-18 23:16:17	(  ｰ̀֊ｰ́ )✧	2106		
1180	2020-04-18 23:16:17	(*´ω`*)	2106		
1180	2020-04-18 23:16:17	(๑⃙⃘ˊ꒳​ˋ๑⃙)	2106		
1181	2020-04-18 20:43:07	ヽ(｡&gt;▽&lt;｡)ﾉ	2128		
1182	2020-04-18 10:57:07	(≧∇≦*)	122		
1183	2020-04-18 10:30:44	(๑¯∇¯๑)	1084		
1184	2020-04-18 10:28:00	( ⸝⸝•ᴗ•⸝⸝ )	5931		
1184	2020-04-18 10:28:00	( ˶'-'˶)	5931		
1185	2020-04-17 22:05:56	(〃&gt;ω&lt;〃)	3007		
1185	2020-04-17 22:05:56	(❁ᴗ͈ ᴗ͈)”	3007		
1187	2020-04-17 21:58:23	(*´-`*)	1606		
1188	2020-04-17 18:05:55	( *´︶`*)	4463		
1190	2020-04-17 17:44:10	(* ॑꒳ ॑*  )⋆*	124		
1191	2020-04-17 17:43:21	(〃&gt,ω&lt,〃)	114		
1193	2020-04-17 17:42:50	⸜(* ॑꒳ ॑*  )⸝⋆*	140		
1194	2020-04-17 17:42:31	⸜(๑⃙⃘'ᗜ'๑⃙⃘)⸝	669		
1195	2020-04-17 17:42:19	(✌︎∗ˊ꒳ˋ∗✌︎)	666		
1196	2020-04-17 17:42:09	(*Ü*)	610		
1197	2020-04-17 17:41:52	( ⸝⸝•ᴗ•⸝⸝ )	631		
1198	2020-04-17 17:41:27	(*´ω`*)	680		
1199	2020-04-17 17:39:01	( ˶'-'˶)	1428		
1200	2020-04-17 12:37:18	( ⸝⸝⸝•  ̫ • ⸝⸝⸝ )	11364		
1200	2020-04-17 12:37:18	(*´ω｀*)	11364		
1202	2020-04-16 16:35:26	(*⃙⃘´꒳`*⃙⃘)	1255		
1213	2020-04-16 12:08:47	( ˶'-'˶)	1571		
1221	2020-04-15 20:59:19	(´･_･`)	1373		
1224	2020-04-14 17:13:10	( ⌯᷄௰⌯᷅ )	1608		
1228	2020-04-14 10:10:10	(・⊿・)	1204		
1230	2020-04-14 09:04:46	⸜(* ॑꒳ ॑*  )⸝	1806		
1232	2020-04-13 12:56:19	( *´︶`*)	2104		
1232	2020-04-13 12:56:19	(*´-`*)	2104		
1233	2020-04-12 22:28:54	*(*•̀ㅁ•́*)	3346		
1234	2020-04-12 22:24:00	(*´ω`*)	2411		
1235	2020-04-12 22:21:07	(˶ ̇ ̵ ̇˶ )	2856		
1236	2020-04-12 22:19:03	( ⸝⸝•௰•⸝⸝…	5880		
1237	2020-04-12 22:10:00	(✌︎∗ˊ꒳ˋ∗✌︎)	3164		
1239	2020-04-12 21:58:55	( ⸝⸝•ᴗ•⸝⸝ )	2778		
1240	2020-04-12 21:19:34	(；_；)	4009		
1245	2020-04-12 11:22:30	⸜(* ॑꒳ ॑*  )⸝	1959		
1246	2020-04-12 10:35:33	( *´︶`*)	1874		
1246	2020-04-12 10:35:33	(*´ω`*)	1874		
1246	2020-04-12 10:35:33	(⌯꒪͒ ૢ∀ ૢ꒪͒)	1874		
1248	2020-04-11 15:43:35	( ⸝⸝•ᴗ•⸝⸝ )	4864		
1249	2020-04-11 09:10:10	( *´︶`*)	1936		
1252	2020-04-10 22:15:28	(≧∇≦*)	1800		
1253	2020-04-10 22:03:27	(⑉• •⑉)	447		
1254	2020-04-10 22:02:08	( ˶'-'˶)	2252		
1254	2020-04-10 22:02:08	(⸝⸝›_‹⸝⸝)	2252		
1256	2020-04-10 20:49:26	( *´︶`*)	2649		
1256	2020-04-10 20:49:26	(*´-`*)	2649		
1259	2020-04-10 18:18:43	(๑⃙⃘ˊ꒳​ˋ๑⃙)	907		
1260	2020-04-10 17:36:50	(〃&gt;ω&lt;〃)	1026		
1261	2020-04-10 17:31:58	( ˶'-'˶)	1512		
1262	2020-04-10 00:07:44	(๑•̀∀- )b	1315		
1263	2020-04-09 23:25:39	( *´︶`*)	1602		
1265	2020-04-09 17:37:43	( ᵒ̴̶̷᷄ _ ᵒ̴̶̷᷅ )	1192		
1268	2020-04-09 12:34:03	( ⸝⸝•ᴗ•⸝⸝ )	1637		
1268	2020-04-09 12:34:03	(*˘︶˘*)	1637		
1269	2020-04-09 12:03:13	( *´︶`*)	1153		
1270	2020-04-09 11:43:37	(  •̥ ˍ •̥  )	2062		
1271	2020-04-08 21:51:30	⸜(* ॑꒳ ॑*  )⸝	1193		
1273	2020-04-08 16:58:25	(〃&gt;ω&lt;〃)	751		
1273	2020-04-08 16:58:25	⸜(* ॑꒳…	751		
1274	2020-04-07 22:51:27	⸜(๑⃙⃘'ᗜ'๑⃙⃘)⸝	1278		
1276	2020-04-07 16:43:30	(  •̥ ˍ •̥…	1229		
1277	2020-04-06 20:17:09	(；_；)	1041		
1279	2020-04-06 15:00:16	(*⃙⃘´꒳`*⃙⃘)	768		
1280	2020-04-05 22:25:47	⸜(* ॑꒳ ॑*  )⸝	1321		
1281	2020-04-05 11:03:13	( ´థ౪థ)	2700		
1281	2020-04-05 11:03:13	(*⃙⃘´꒳`*⃙⃘)	2700		
1282	2020-04-05 10:14:36	( *´︶`*)	972		
1285	2020-04-04 15:09:46	( ⸝⸝•௰•⸝⸝ )	5679		
1288	2020-04-03 19:44:14	( *´︶`*)	514		
1289	2020-04-02 23:31:11	(๑⃙⃘ˊ꒳​ˋ๑⃙)	1788		
1290	2020-04-02 18:51:15	(*⃙⃘´꒳`*⃙⃘)	2191		
1291	2020-04-02 17:26:27	(･∀･)	605		
1296	2020-04-01 14:07:50	(；_；)	5126		
1296	2020-04-01 14:07:50	⸜(๑⃙⃘'ᗜ'๑⃙⃘)⸝	5126		
1302	2020-03-31 00:17:49	( *´︶`*)	1318		
1302	2020-03-31 00:17:49	⸜(* ॑꒳ ॑*  )⸝⋆*	1318		
1303	2020-03-30 23:50:26	(*⃙⃘´꒳`*⃙⃘)	739		
1304	2020-03-30 18:48:36	( ´•̥  ̫ •̥` )	2257		
1305	2020-03-30 01:33:19	_(     _-ω)_	1822		
1307	2020-03-29 22:22:44	(๑⃙⃘ˊ꒳​ˋ๑⃙)	923		
1309	2020-03-28 20:59:24	(*˘︶˘*)	1783		
1311	2020-03-28 20:37:30	( *´︶`*)	1101		
1313	2020-03-28 13:21:32	(◍ ´꒳` ◍)	2534		
1316	2020-03-27 21:48:32	(  ◜௰◝  ）	518		
1316	2020-03-27 21:48:32	⸜(* ॑꒳ ॑…	518		
1317	2020-03-27 19:27:52	( ⸝⸝⸝•  ̫ • ⸝⸝⸝ )	1622		
1320	2020-03-26 21:30:49	(๑⃙⃘ˊ꒳​ˋ๑⃙)	2048		
1322	2020-03-26 00:33:55	(*⃙⃘´꒳`*⃙⃘)	851		
1323	2020-03-26 00:24:38	:( ;´꒳`;):	3547		
1324	2020-03-26 00:17:45	( ⸝⸝•௰•⸝⸝ )	2455		
1325	2020-03-25 23:06:56	⸜(๑⃙⃘'ᗜ'๑⃙⃘)⸝	1558		
1327	2020-03-25 23:04:58	(⸝⸝›_‹⸝⸝)	994		
1327	2020-03-25 23:04:58	(๑¯ω¯๑)	994		
1328	2020-03-25 20:08:22	(๑⃙⃘ˊ꒳​ˋ๑⃙)	5167		
1329	2020-03-25 08:25:54	⸜(* ॑꒳ ॑*  )⸝	1449		
1330	2020-03-24 23:44:45	(  ｰ̀֊ｰ́ )✧	4382		
1331	2020-03-24 00:12:34	(*⃙⃘´꒳`*⃙⃘)	722		
1331	2020-03-24 00:12:34	(๑°ㅁ°๑	722		
1332	2020-03-23 19:06:06	( ´･֊･` )	1223		
1333	2020-03-23 15:40:56	⸜(* ॑꒳ ॑*  )⸝	2398		
1334	2020-03-23 00:30:44	(๑⃙⃘ˊ꒳​ˋ๑⃙)	892		
1335	2020-03-23 00:27:09	⸜(* ॑꒳ ॑*  )⸝⋆*	2779		
1336	2020-03-23 00:09:26	(〃&gt,ω&lt,〃)♡	993		
1337	2020-03-23 00:07:25	((( '-' )))	848		
1337	2020-03-23 00:07:25	(✌︎^-^✌︎)	848		
1338	2020-03-23 00:04:31	( *´︶`*)	1437		
1338	2020-03-23 00:04:31	(⑉• •⑉)	1437		
1340	2020-03-22 12:56:56	⸜(๑⃙⃘'ᗜ'๑⃙⃘)⸝	6928		
1341	2020-03-22 12:55:16	⸜(* ॑꒳ ॑*  )⸝	2579		
1342	2020-03-22 10:07:35	( ⸝⸝•௰•⸝⸝ )	1286		
1344	2020-03-22 06:17:58	(p 。- )	1642		
1346	2020-03-21 20:56:39	(o´∀`o)	1070		
1348	2020-03-21 20:37:36	( *´︶`*)	1323		
1349	2020-03-21 20:36:20	( ⸝⸝•௰•⸝⸝ )	971		
1351	2020-03-21 14:25:21	(* ॑꒳ ॑*  )⋆*	216		
1352	2020-03-21 14:07:40	( *´︶`*)	1513		
1353	2020-03-20 23:04:27	(///〇△〇///)	1745		
1355	2020-03-20 23:00:59	( ✌︎'ω')✌︎	547		
1356	2020-03-20 23:00:16	(o´∀`o)	3024		
1357	2020-03-20 21:09:26	(*⃙⃘´꒳`*⃙⃘)	744		
1359	2020-03-20 21:03:27	⸜(* ॑꒳ ॑*  )⸝	797		
1362	2020-03-20 20:24:25	( *´︶`*)	1189		
1363	2020-03-20 00:46:10	(๑⃙⃘ˊ꒳​ˋ๑⃙)	1982		
1364	2020-03-20 00:10:56	(  ´꒳`  )	1292		
1366	2020-03-19 19:09:49	⸜(* ॑꒳ ॑*  )⸝⋆*	4188		
1367	2020-03-19 14:33:21	( *´︶`*)	1739		
1368	2020-03-18 22:01:18	( ⸝⸝•௰•⸝⸝ )	1896		
1371	2020-03-18 21:59:11	(⸝⸝›_‹⸝⸝)	4019		
1372	2020-03-18 19:18:01	( *´︶`*)	1572		
1373	2020-03-18 16:56:08	⸜(* ॑꒳ ॑*  )⸝	1814		
1374	2020-03-17 22:53:26	@kaor1n_n (๑•̀∀- )b	775		
1375	2020-03-17 22:52:26	( ⸝⸝•௰•⸝⸝ )	1270		
1376	2020-03-17 22:46:45	( ˃ ⌑ ˂ഃ )	829		
1376	2020-03-17 22:46:45	(๑⃙⃘ˊ꒳​ˋ๑⃙)	829		
1377	2020-03-17 22:39:15	(〃´-`〃)	869		
1380	2020-03-17 22:20:08	(o´ω`o)	1093		
1381	2020-03-17 19:24:26	(⑉• •⑉)	8061		
1382	2020-03-17 01:20:36	(๑⃙⃘ˊ꒳​ˋ๑⃙)	749		
1383	2020-03-17 01:12:40	(⸝⸝›_‹⸝⸝)	1771		
1385	2020-03-15 23:47:21	( ˇ꒳​ˇ )	2011		
1385	2020-03-15 23:47:21	(*⃙⃘´꒳`*⃙⃘)	2011		
1386	2020-03-15 12:19:16	(o´罒`o)	3972		
1389	2020-03-14 13:32:32	( ¨̮ )	1120		
1389	2020-03-14 13:32:32	(˶ ̇ ̵ ̇˶ )	1120		
1390	2020-03-14 12:27:44	⸜(* ॑꒳ ॑*  )⸝	2395		
1390	2020-03-14 12:27:44	⸜(๑⃙⃘'ᗜ'…	2395		
1391	2020-03-13 22:06:49	( ⸝⸝⸝•  ̫ • ⸝⸝⸝ )	1542		
1392	2020-03-13 22:06:16	(*･ω･)*_ _)	738		
1393	2020-03-13 21:15:05	( ´,,•ω•,,`)♡	957		
1397	2020-03-13 20:59:21	(๑⃙⃘ˊ꒳​ˋ…	1688		
1398	2020-03-13 10:12:25	( ◜௰◝ )	1857		
1398	2020-03-13 10:12:25	(+_+)	1857		
1399	2020-03-13 00:16:10	(  ｰ̀εｰ́  )	402		
1400	2020-03-13 00:08:22	(⸝⸝⸝•﹏•⸝⸝⸝)	3447		
1400	2020-03-13 00:08:22	(๑⃙⃘ˊ꒳​ˋ๑⃙)	3447		
1401	2020-03-12 13:01:32	(⸝⸝›_‹⸝⸝)	3112		
1405	2020-03-11 21:23:37	(＊◕ᴗ◕＊)	2035		
1405	2020-03-11 21:23:37	(๑⃙⃘ˊ꒳​ˋ๑⃙)	2035		
1407	2020-03-11 13:23:34	&lt;(   ¯꒳¯ )&gt;✧*.⋆	4597		
1408	2020-03-10 23:33:10	( ´･֊･` )	1547		
1408	2020-03-10 23:33:10	(&gt;&lt;)	1547		
1409	2020-03-10 07:11:20	(๑⃙⃘ˊ꒳​ˋ๑⃙)	1961		
1411	2020-03-09 12:12:39	(๑⃙⃘ˊ꒳​ˋ๑⃙)	1313		
1413	2020-03-08 21:30:54	⸜(* ॑꒳ ॑*  )⸝	1668		
1413	2020-03-08 21:30:54	⸜(๑⃙⃘'ᗜ'๑⃙⃘)⸝	1668		
1415	2020-03-08 21:11:44	( ´•̥  ̫ •̥` )	1259		
1415	2020-03-08 21:11:44	(*⃙⃘´꒳`*⃙⃘)	1259		
1416	2020-03-08 09:27:26	(◦ˉ ˘ ˉ◦)♪	1781		
1418	2020-03-07 19:03:43	(*´ｰ`*)	721		
1420	2020-03-06 13:17:25	(((*&gt,_&lt,)))	1591		
1421	2020-03-06 01:10:35	(*´ω`*)	1554		
1422	2020-03-05 11:29:38	(〃´-`〃)	1163		
1423	2020-03-05 07:55:22	( ´･ω ก` )	1921		
1424	2020-03-04 19:42:39	(*¯ω¯*)	4384		
1424	2020-03-04 19:42:39	(๑•ᴗ•๑)♡	4384		
1425	2020-03-03 19:06:25	( *´︶`*)	1621		
1426	2020-03-03 19:01:57	(  •̥ ˍ •̥  )	1351		
1428	2020-03-03 13:04:48	( ｡›ω‹｡  )	1224		
1431	2020-03-03 00:38:45	(*´ｰ`*)	1636		
1433	2020-03-01 20:05:12	(*´ｰ`*)	1285		
1433	2020-03-01 20:05:12	(◦ˉ ˘ ˉ◦)	1285		
1435	2020-03-01 12:30:13	⸜(๑⃙⃘'ᗜ'๑⃙⃘)⸝	6160		
1436	2020-03-01 11:56:53	( *´꒳`* )	5955		
1437	2020-02-29 19:41:48	( ´͈ ᵕ `͈ )	3290		
1437	2020-02-29 19:41:48	(๑•ᴗ•๑)	3290		
1438	2020-02-29 13:09:30	(*¯ω¯*)	636		
1439	2020-02-29 08:27:21	(ㆁᴗㆁ✿︎)	1708		
1440	2020-02-28 19:28:54	( *´꒳`* )	2561		
1440	2020-02-28 19:28:54	(•'-'•)	2561		
1441	2020-02-28 18:06:56	(o_ _)o	1115		
1442	2020-02-27 23:12:10	(*˘︶˘*)	1816		
1444	2020-02-26 18:30:55	( ⸝⸝⸝•  ̫ • ⸝⸝⸝ )	6345		
1445	2020-02-26 17:55:57	(   ˘-˘ )	1501		
1445	2020-02-26 17:55:57	(*⃙⃘´꒳`*⃙⃘)	1501		
1446	2020-02-26 17:28:13	(◍ ´꒳` ◍)	1339		
1446	2020-02-26 17:28:13	(๑•ᴗ•๑)	1339		
1447	2020-02-26 06:38:40	⸜(๑⃙⃘'ᗜ'๑⃙⃘)⸝	1919		
1451	2020-02-24 21:29:26	(〃´-`〃)	1968		
1452	2020-02-24 20:46:56	⸜(* ॑꒳ ॑*  )⸝	2565		
1454	2020-02-23 23:28:11	( *´︶`*)	1539		
1454	2020-02-23 23:28:11	(〃▽〃)	1539		
1454	2020-02-23 23:28:11	(´⊙∀⊙`)	1539		
1455	2020-02-22 22:58:18	(*‘ω‘ *)	1338		
1456	2020-02-22 00:10:28	( ´͈ ᵕ `͈ )	1129		
1457	2020-02-21 19:15:39	( * ˙˙ )*	606		
1458	2020-02-20 23:10:38	⸜(๑⃙⃘'ᗜ'๑⃙⃘)⸝	1505		
1459	2020-02-20 23:09:09	(◍ ´꒳` ◍)	1620		
1460	2020-02-19 23:17:39	‹‹\(´•∀•`*)/››‹‹\( 　´•)/››‹‹\( *´•∀•`)/››	1858		
1460	2020-02-19 23:17:39	⸜(* ॑꒳ ॑*  )⸝	1858		
1461	2020-02-19 21:03:48	( ´͈ ᵕ `͈ )	5693		
1462	2020-02-18 21:42:14	\( Ö )/	1594		
1463	2020-02-18 08:36:50	(๑•ᴗ•๑)♡	2336		
1464	2020-02-18 06:16:19	(*⃙⃘´꒳`*⃙⃘)	1914		
1465	2020-02-17 17:30:48	(◦ˉ ˘ ˉ◦)	1756		
1466	2020-02-17 01:50:01	( *´︶`*)	1666		
1467	2020-02-16 22:27:15	⸜(๑⃙⃘'ᗜ'๑⃙⃘)⸝	2133		
1469	2020-02-16 19:33:57	(⑅•ᴗ•⑅)°♡	1039		
1470	2020-02-16 15:56:00	(*⃙⃘´꒳`*⃙⃘)	1626		
1472	2020-02-15 22:00:26	(*´ｰ`*)	2315		
1473	2020-02-15 17:50:44	⸜(๑⃙⃘'ᗜ'๑⃙⃘)⸝	1160		
1474	2020-02-15 13:48:13	( ´͈ ᵕ `͈ )	1073		
1477	2020-02-14 22:00:08	(?ω?)	1808		
1478	2020-02-14 21:27:57	✧٩(๑❛ᗨ❛๑)✧	550		
1479	2020-02-14 21:17:11	( ´͈ ᵕ `͈ )	832		
1479	2020-02-14 21:17:11	(*⃙⃘´꒳`*⃙⃘)	832		
1481	2020-02-14 21:14:58	(⑅•ᴗ•⑅)°♡	2063		
1483	2020-02-14 20:44:22	(；_；)	3169		
1484	2020-02-13 23:33:24	(◍ ´꒳` ◍)	784		
1485	2020-02-13 21:11:42	⸜(๑⃙⃘'ᵕ'๑⃙⃘)⸝⋆*	3146		
1487	2020-02-12 17:36:16	( ´͈ ᵕ `͈ )	3325		
1488	2020-02-12 12:18:52	(+_+)	2567		
1488	2020-02-12 12:18:52	(╯•﹏•╰)	2567		
1489	2020-02-12 07:03:32	(*´ｰ`*)	1983		
1490	2020-02-11 12:20:51	( *´︶`*)	1792		
1491	2020-02-11 00:01:15	(◦ˉ ˘ ˉ◦)♪	1928		
1492	2020-02-10 13:06:50	⸜(๑⃙⃘'ᗜ'๑⃙⃘)⸝	2407		
1493	2020-02-09 16:24:31	( *´꒳`* )	1765		
1493	2020-02-09 16:24:31	(*⃙⃘´꒳`*⃙⃘)	1765		
1494	2020-02-09 15:58:34	(   ˙༥˙   )	5063		
1495	2020-02-08 17:41:52	(*⃙⃘´꒳`*⃙⃘)	888		
1496	2020-02-08 16:59:46	(◦ˉ ˘ ˉ◦)♪	2186		
1498	2020-02-07 23:34:24	(⑅•ᴗ•⑅)°♡	1715		
1499	2020-02-07 22:52:08	( •̤ᴗ•̤ )♡	4303		
1499	2020-02-07 22:52:08	(*´▽｀*)	4303		
1501	2020-02-07 01:09:45	♡*з*♡	6279		
1502	2020-02-06 15:26:03	( *´︶`*)	7197		
1502	2020-02-06 15:26:03	(((*♥д♥*)))	7197		
1503	2020-02-06 15:11:17	:(´◦ω◦｀):	1503		
1504	2020-02-05 16:36:26	( ˶˙ᵕ˙˶ )	2935		
1504	2020-02-05 16:36:26	⸜(* ॑꒳ ॑*  )⸝	2935		
1505	2020-02-05 00:37:53	(๑˘ω˘๑)	1549		
1506	2020-02-04 20:21:00	(◍ ´꒳` ◍)	2168		
1507	2020-02-04 20:18:56	( *´︶`*)	2371		
1507	2020-02-04 20:18:56	( ˶˙ᵕ˙˶ )	2371		
1509	2020-02-03 22:41:00	( ´͈ ꒫ `͈ )	1824		
1509	2020-02-03 22:41:00	( ˶˙ᵕ˙˶ )	1824		
1510	2020-02-02 23:27:17	( *´꒳`* )	2202		
1510	2020-02-02 23:27:17	(▼ω▼)	2202		
1511	2020-02-02 23:15:22	( *´︶`*)	2319		
1512	2020-02-02 22:48:08	(*¨*)	739		
1512	2020-02-02 22:48:08	(⑉• •⑉)	739		
1515	2020-02-02 22:45:33	(◍ ´꒳` ◍)	2745		
1516	2020-02-02 15:07:59	⸜(๑⃙⃘'ᗜ'๑⃙⃘)⸝	1271		
1518	2020-01-31 22:58:54	( *´︶`*)	700		
1520	2020-01-31 15:44:52	✧٩(๑❛ᗨ❛๑)✧	6939		
1521	2020-01-31 15:31:19	(〃▽〃)	2130		
1522	2020-01-31 12:46:50	(◦ &gt;﹏&lt;｡)~	2331		
1523	2020-01-31 02:15:30	( ˇ꒳​ˇ )	3615		
1523	2020-01-31 02:15:30	( ˶´⚰︎`˵ )	3615		
1524	2020-01-31 01:54:09	⸜(* ॑꒳ ॑*  )⸝	942		
1525	2020-01-31 01:41:26	(⑉• •⑉)	1245		
1525	2020-01-31 01:41:26	⸜(๑⃙⃘'ᗜ'๑⃙⃘)⸝	1245		
1526	2020-01-30 21:11:16	(   ˙༥˙   )	4960		
1526	2020-01-30 21:11:16	(´&gt;؂∂｀)❤︎	4960		
1527	2020-01-30 19:38:58	( •̀ᄇ•…	1527		
1527	2020-01-30 19:38:58	(；；)	1527		
1528	2020-01-29 23:17:53	(⑉• •⑉)	8164		
1529	2020-01-29 19:59:44	⸜(๑⃙⃘'ᗜ'๑⃙⃘)⸝	4279		
1531	2020-01-28 16:59:23	(⑅•ᴗ•⑅)°♡	5974		
1532	2020-01-27 22:27:26	( *´︶`*)	1795		
1532	2020-01-27 22:27:26	( ˘•ω•˘ ).｡oஇ	1795		
1533	2020-01-27 22:23:05	( *´꒳`* )	1076		
1534	2020-01-27 19:41:56	( •̤ᴗ•̤ )♡	3905		
1535	2020-01-27 15:16:29	( ˶˙ᵕ˙˶ )	3817		
1535	2020-01-27 15:16:29	⸜(* ॑꒳ ॑*  )⸝	3817		
1536	2020-01-26 22:52:20	(*¨*)	4642		
1536	2020-01-26 22:52:20	(๑º ﾛ º๑)	4642		
1536	2020-01-26 22:52:20	⸜(๑⃙⃘'ᗜ'๑⃙⃘)⸝	4642		
1537	2020-01-26 21:32:51	( *´꒳`* )	2630		
1537	2020-01-26 21:32:51	(〃▽〃)	2630		
1538	2020-01-26 16:38:30	( ˶˙ᵕ˙˶ )	1582		
1538	2020-01-26 16:38:30	⸜(๑⃙⃘'ᵕ'๑⃙⃘)⸝⋆*	1582		
1539	2020-01-26 16:02:06	(◦ˉ ˘ ˉ◦)♪	8921		
1540	2020-01-26 08:36:16	( ˶˙ᵕ˙˶ )	1631		
1540	2020-01-26 08:36:16	⸜(* ॑꒳ ॑*  )⸝	1631		
1541	2020-01-25 17:22:24	(*ˊ˘ˋ*)｡♪:*°	2801		
1542	2020-01-24 23:31:54	⸜(* ॑꒳…	680		
1544	2020-01-24 14:23:10	(◦ˉ ˘ ˉ◦)♪	7797		
1545	2020-01-23 22:18:11	(⑅•ᴗ•⑅)°♡	7552		
1546	2020-01-23 15:00:33	( ˶˙ᵕ˙˶ )	4122		
1546	2020-01-23 15:00:33	⸜(๑⃙⃘'ᵕ'๑⃙⃘)⸝⋆*	4122		
1549	2020-01-23 00:00:34	( •̤ᴗ•̤ )♡	16015		
1549	2020-01-23 00:00:34	ヽ(〃･ω･)ﾉ☆ﾟ’･:*☆♪	16015		
1550	2020-01-22 22:14:06	(,,&gt; &lt;,,)♡	12914		
1551	2020-01-22 14:06:06	(( °_° ))	2803		
1551	2020-01-22 14:06:06	⸜(* ॑꒳ ॑*  )⸝	2803		
1552	2020-01-21 23:19:01	⸜(๑⃙⃘'ᵕ'๑⃙⃘)⸝⋆*	2476		
1554	2020-01-21 23:15:12	(๑ơ ₃ ơ)♥	4887		
1555	2020-01-21 18:27:55	⸜(* ॑꒳ ॑*  )⸝	8224		
1555	2020-01-21 18:27:55	✧*｡*(ˊᗜˋ*)و✧*｡	8224		
1557	2020-01-20 23:29:41	(*•̀ᴗ•́*)و ̑̑	2902		
1565	2020-01-20 12:12:29	(*¨*)	20455		
1565	2020-01-20 12:12:29	⸜(* ॑꒳ ॑*  )⸝	20455		
1566	2020-01-19 21:15:20	(((*♥д♥*)))	16412		
1567	2020-01-19 13:16:09	✧٩(๑❛ᗨ❛๑)✧	5493		
1569	2020-01-18 23:34:02	⸜(๑⃙⃘'ᵕ'๑⃙⃘)⸝⋆*	10244		
1570	2020-01-18 14:21:47	(⑅•ᴗ•⑅)°♡	4473		
1571	2020-01-18 09:54:15	(〃▽〃)	6103		
1572	2020-01-18 09:34:52	(◍ ´꒳` ◍)	3236		
1573	2020-01-17 23:08:42	( ´-` ).｡oO	6162		
1573	2020-01-17 23:08:42	(；；)	6162		
1573	2020-01-17 23:08:42	⸜(๑⃙⃘'ᗜ'๑⃙⃘)⸝	6162		
1574	2020-01-17 21:47:03	( *…	677		
1575	2020-01-16 15:14:35	( ˶˙ᵕ˙˶ )	621		
1575	2020-01-16 15:14:35	⸜(๑⃙⃘'ᵕ'๑⃙⃘)⸝⋆*	621		
1576	2020-01-16 15:11:59	( *´꒳`* )	2078		
1578	2020-01-15 16:45:37	(⑅•ᴗ•⑅)°♡	1389		
1578	2020-01-15 16:45:37	⸜(* ॑꒳ ॑*  )⸝	1389		
1579	2020-01-14 22:48:54	( ˇ꒳​ˇ )	1319		
1580	2020-01-13 23:24:59	( *´꒳`* )	5465		
1580	2020-01-13 23:24:59	( ˶˙ᵕ˙˶ )	5465		
1581	2020-01-13 10:04:47	(*´︶`*)ฅ♡	1501		
1583	2020-01-10 20:09:20	⸜(๑⃙⃘'ᗜ'๑⃙⃘)⸝	518		
1585	2020-01-07 17:39:42	( '-'* )	2358		
1585	2020-01-07 17:39:42	⸜(๑⃙⃘'ᗜ'๑⃙⃘)⸝	2358		
1586	2020-01-07 16:55:14	( *´︶`*)	961		
1587	2020-01-06 12:49:53	(◍ ´꒳` ◍)	2322		
1587	2020-01-06 12:49:53	(๑•̀ㅂ•́)و✧	2322		
1588	2020-01-06 09:53:52	(๑• . •๑)	1703		
1589	2020-01-05 23:16:10	( ⸝⸝⸝•  ̫ • ⸝⸝⸝ )	1559		
1589	2020-01-05 23:16:10	⸜(* ॑꒳ ॑*  )⸝	1559		
1590	2020-01-05 04:59:22	(◍ ´꒳` ◍)	1697		
1591	2020-01-04 17:17:44	(*´ч ` *)	1279		
1592	2020-01-03 20:55:21	( * ˙˙ )*	588		
1592	2020-01-03 20:55:21	⸜(*ˊᵕˋ* )⸝	588		
1592	2020-01-03 20:55:21	~(=^･･^)	588		
1594	2020-01-03 16:04:52	(*´˘`*)♡	2656		
1595	2020-01-02 15:09:52	(๑・ .̫ ・๑)	2617		
1596	2020-01-02 14:47:51	( *´꒳`* )	6974		
1597	2020-01-02 08:19:13	( ´͈ ᵕ `͈ )	1942		
1598	2020-01-01 23:01:53	( *´︶`*)	2183		
1599	2020-01-01 22:57:39	o(*`^´*)o	1916		
1600	2020-01-01 22:38:55	(≖ᴗ≖ )♡	6791		
1600	2020-01-01 22:38:55	(๑•̀ㅂ•́)و✧	6791		
1601	2020-01-01 22:31:47	(⃔ *`꒳´ * )⃕↝	2492		
1603	2020-01-01 11:07:52	(*´▽｀*)	2138		
1603	2020-01-01 11:07:52	(⑅•ᴗ•⑅)°♡	2138		
1604	2020-01-01 11:05:27	( *´꒳`*…	5876		
					
					
					
					
					
					
					
					
					
					
					
					
					
					
					
					
					
					
					
					
					
					
					
					
					
					
					
					
					
					
					
					
					
					
					
					
					
					
					
					
					
					
					
					
					
					
					
					
					
					
					
					
					
					
					
					
					
					
					
					
					
					
					
					
					
					
					
					
					
					
					
					
					
					
					
					
					
					
					
					
					
					
					
					
					
					
					
					
					
					
					
					
					
					
					
					
					
					
					
					
					
					
					
					
					
					
					
					
					
					
					
					
					
					
					
					
					
					
					
					
					
					
					
					
					
					
					
					
					
					
					
					
					
					
					
					
					
					
					
					
					
					
					
					
					
					
					
					
					
					
					
					
					
					
					
					
					
					
					
					
					
					
					
					
					
					
					
					
					
					
					
					
					
					
					
					
					
					
					
					
					
					
					
					
					
					
					
					
					
					
					
					
					
					
					
					
					
					
					
					
					
					
					
					
					
					
					
					
					
					
					
					
					
					1858
